Law kind,Law date & authority,Content
"labour, residency and leberal professions",قرار مجلس الوزراء رقم (65) لسنة 2022 بإصدار اللائحة التنفيذية للمرسوم بقانون اتحادي رقم (29) لسنة 2021 في شأن دخول وإقامة الأجانب,"املادة (1) 
التعريفات  
في تطبيق هذا القرار،  ي  قاننند بالكلما  والعبارا  التالية املعاني املبينة قرين كل منها ،  ما لم يقض    سنننيا   
النص  بغير ذلك: 
الدولة : اإلمارا  العربية املتحدة.  
الهيئة : الهيئة االتحادية للهوية والجنسية والجمارك وأمن املنافذ.  
الرئيس : رئيس الهيئة االتحادية للهوية والجنسية والجمارك وأمن  املنافذ. 
األجنبي : كل من ال يتمتع بجنسية الدولة. 2 
   قرار مجلس الوزراء لسنة 2022   ( بإصدار الالئحة التنفيذية للمرسوم بقانون اتحادي رقم 29  ) لسنة2021    في شأن دخول وإقامة
األجانب  
 التأشيرة : وثيقنة رسننننننننننننمينة تانننننننننننندر وفقنا    أل كنام  املرسننننننننننننوم بقنانون  وهنذا القرار،  ت  مكن 
األجنبي من الدخول للدولة والبقاء فيها طوال فترة اإلذن املمنوح  له. 
تصريح  اإلقامة : صفة تمنح األجنبي  ق اإلقامة في الدولة وفقا  للمدة املقررة.  
املنافذ : مننافنذ الندولنة الرسننننننننننننمينة الحرينة والجوينة والبحرينة ا  نددة لندخول وخرو   
األجنبي، وا  ددة بمقتض ى هذا القرار. 
وثيقة السفر : مسننننرند رسننننهي يحدد هوية األجنبي يانننندر باعتمادر قرار من الرئيس ويقوم  
مقام جواز السفر في إثبا  الهوية. 
التأشيرة املسبقة : صفة دخول تمنح لألجنبي قبل قدومه للدولة. 
املرسوم بقانون  : املرسنننننننننننوم بقانون اتحادي رقم ( 29  ) لسننننننننننننة2021  في شنننننننننننأن دخول وإقامة
األجانب. 
 
"
"labour, residency and leberal professions",قرار مجلس الوزراء رقم (65) لسنة 2022 بإصدار اللائحة التنفيذية للمرسوم بقانون اتحادي رقم (29) لسنة 2021 في شأن دخول وإقامة الأجانب,"املادة (2) 
شروط دخول األجنبي للدولة  
ي  شترط لدخول األجنبي  للدولة توافر ما  يأتي: 
1.  أن يكون لديه جوازسفر  أو وثيقة سفر.  
2.   أن يكونالجواز   أو   وثيقة  السفر  معتمدة و صال ة  لدخول الدولة والعودة إلى الدولة  القادم منها أو   
املقيم فيها أو الاادر عنها الجواز أو الوثيقة.  
3.   أال تقل مدة صال يةالجواز  أو   وثيقة  السفر لغير   ال اصل على تاريح إقامة عن  (6)   ستة أشهر،  
ويجوز بقرار   من الرئيس  استثناء  بعض الفئا  من مدة الاال ية املشار إليها في هذ ا البند  على  أال   تقل  
مدة الاال ية عن شهر.  
4. أن يكون لديه تأشيرة  دخول  أو تاريح إقامة ساري  املفعول.  
5.   أن يكون لديه تذكرة سفر ملتابعة ر لته أو تذكرة عودة، للسماح له بدخول الدولة بموجب تأشيرة
زيارة.  
6.   يعفى من شرط ال اول على   التأشيرة  املسبقة  رعايا الدول التي يادر بها قرار من مجلس الوزراء بناء   
على اقتراح الرئيس.  
7.   يجوز للرئيس أو من يفوضه في  الة الضرورة التي يحددها الرئيس االستثناء من كل أو بعض الشروط
الواردة في هذر املادة أو يرى استثناءهم بإذن خاص من ال او ل على تأشيرة دخول . 
 
"
"labour, residency and leberal professions",قرار مجلس الوزراء رقم (65) لسنة 2022 بإصدار اللائحة التنفيذية للمرسوم بقانون اتحادي رقم (29) لسنة 2021 في شأن دخول وإقامة الأجانب,"املادة (3) 3 
   قرار مجلس الوزراء لسنة 2022   ( بإصدار الالئحة التنفيذية للمرسوم بقانون اتحادي رقم 29  ) لسنة2021    في شأن دخول وإقامة
األجانب  
 املنافذ املعتمدة  
1.  ال يجوز  لألجنبي  دخول الدولة أو  مغادرتها  إال  بعد إتمام إجراءا  الدخول واملغادرة  من املنافذ  املعتمدة  
اآلتية: 
(أ) املنافذ الجوية: 
1.  مطارأبو ظبي  الدولي.  
2. .مطار العين الدولي 
3.  .مطار جزيرة داس 
4.  .مطار دبي الدولي 
5.   مطارآل مكتوم الدولي . 
6.  .مطار الشارقة الدولي  
7.  .مطار رأس الخيمة الدولي  
8.  .مطار الفجيرة الدولي 
 
(ب) املنافذ البحرية: 
1.  .)ميناء زايد (أبو ظبي  
2.   ميناءالرويس (أبو ظبي ).  
3.  ميناء خليفة(أبو ظبي).  
4.   ميناء مغر (أبو ظبي).  
5.  .)ميناء راشد (دبي  
6.  .)ميناء الشندغة (دبي 
7.  ميناء ال وضالجاف (دبي).  
8.  .)ميناء ال مرية (دبي 
9.  .)ميناء جبل علي (دبي 
10.   ميناءهاربر (دبي).  
11.  .)ميناء خالد (الشارقة  
12.  .)ميناء خورفكان (الشارقة  
13. .)ميناء ال مرية (الشارقة  
14.  .)ميناء عجمان (عجمان 
15. .)ميناء رأس الخيمة (رأس الخيمة  
16.  .)ميناء صقر (رأس الخيمة  4 
   قرار مجلس الوزراء لسنة 2022   ( بإصدار الالئحة التنفيذية للمرسوم بقانون اتحادي رقم 29  ) لسنة2021    في شأن دخول وإقامة
األجانب  
 17.   ميناء الجزيرة (رأسالخيمة).  
18.  .)ميناء أم القيوين (ميناء أ مد بن راشد بأم القيوين  
19.  .)ميناء الفجيرة (الفجيرة 
20. ميناء مافح (أبوظبي).  
21. ميناء الجير (رأس الخيمة) .  
 
(جـ) املنافذ البرية: 
1.  .)الغويفا  (أبو ظبي 
2.  .)مزيد (أبو ظبي 
3. خطم الشكله (أبو ظبي).  
4.   املضيف(أبو ظبي).  
5.  هيلي(أبو  ظبي).  
6.  .) تا (دبي 
7. .)خطم مال ة (الشارقة  
8. شعم (الدارة) (رأس الخيمة).  
9.  .)منفذ وم (الفجيرة 
 
 
2.   إذا دخل األجنبي لظروف قهرية إلى أراض ي الدولة من غير املنافذ املعتمدة للدخول، وجب عليه تقديم
نفسه فورا    ألقرب مركز أو نقطة أو دورية شرطة أو منفذ معتمد للدخول لإلبالغ عن دخوله، وعلى 
الجهة التي تتلقى البالغ أن ترفع األمر في ال ال إلى الهيئة التخاذ اإلجراء املناسب.  
 
"
"labour, residency and leberal professions",قرار مجلس الوزراء رقم (65) لسنة 2022 بإصدار اللائحة التنفيذية للمرسوم بقانون اتحادي رقم (29) لسنة 2021 في شأن دخول وإقامة الأجانب,"املادة (4) 
 حاالت إعادة األجنبي في منافذ الدخول إلى جهة القدوم  
على الجهة ا ختاة بمنفذ  الدخول إعادة   األجنبي إلى الجهة القادم  منها  إذا توافر  إ دى ال اال   اآلتية:  
1.  عدماسريفاء  شرط أو أكثر من الشروط الواردة في   املادة (2)   من هذاالقرار.  
2.  التالعببالاورة امللاقة على  الجواز  أو وثيقة السفر . 
3.   الشطب أو الكشط أو التحريف في البيانا  املدونة فيالجواز أو وثيقة السفر.  
4.   التلف الظاهر في الجواز أووثيقة السفر  بشكل يمس أي من البيانا  أو بعض منها. 
5. عدم االنتظام في ترقيم صفحا  الجواز أو الوثيقة أو فقدان أو نزع أي جزء منها.   5 
   قرار مجلس الوزراء لسنة 2022   ( بإصدار الالئحة التنفيذية للمرسوم بقانون اتحادي رقم 29  ) لسنة2021    في شأن دخول وإقامة
األجانب  
 6.  استخدام جواز أو وثيقة سفر تعود لشخص آخر بغرض انتحال صفة الغير.  
 
ي  عاد األجنبي  الذي تحققت فيه  الة من ال اال  املشار إليها  في هذر املادة  على نفقته الخاصة وبذا   
الوسيلة التي أقلته كلما أمكن ذلك، أو بوسيلة أخرى ي  كلف بتحديدها قائد وسيلة النقل أو مالكها أو  
وكيلها.  
 
 
 
"
"labour, residency and leberal professions",قرار مجلس الوزراء رقم (65) لسنة 2022 بإصدار اللائحة التنفيذية للمرسوم بقانون اتحادي رقم (29) لسنة 2021 في شأن دخول وإقامة الأجانب,"املادة (5) 
 التزوير فياملستندات الرسمية   
على  الهيئة  توقيف كل قادم إليها تبين أن في جواز أو وثيقة سفرر اشرباها    بكشط أو تحريف أو شطب أو  
تزوير في األختام أو التأشيرا   التي تثبتها السلطا  ا ختاة   بدخول وإقامة األجانب أو البعثا   
الدبلوماسية للدولة في وثائق أو جوازا  سفر األجانب.  
 
"
"labour, residency and leberal professions",قرار مجلس الوزراء رقم (65) لسنة 2022 بإصدار اللائحة التنفيذية للمرسوم بقانون اتحادي رقم (29) لسنة 2021 في شأن دخول وإقامة الأجانب,"املادة (6) 
التزامات األجنبي وجهة االستقدام  
أوالً:  التزامات األجنبي:  
1. يلتزم األجنبي برسجيل بياناته  ومكان إقامته عند تقديمه لتأشيرة الدخول أو عند دخوله للدولة إذا  
كان من الفئا  املعفية من التأشيرة  املسبقة،  كما يلتزم بإخطار الهيئة في  ال أي تغيير في  تلك البيانا   
أو في  الة وقوع نزاع بينه وبين الجهة املتعاقد معها.  
2.  ال يحق لألجنبي العمل بأجر أو بدونأ جر إال  بعد ال اول على ترخيص بذلك من الجهة ا ختاة.   
3.   على األجنبي في  ال فقد أو تلف جواز سفرر أو بطاقة هويته أن يبلغ بذلك أقرب مركز للشرطة خالل
(3 )  ثالثة أيام من واقعة الفقدأ و التلف. 
4.   على األجنبي إذا رز  بمولود في الدولة أن يقومباستخرا    الوثائق الخاصة بإثبا  هويته وفقا    
للرشريعا  النافذة في البلد الذي يحمل جنسيتها وتعديل وضع املولود أو مغادرته للدولة خالل   (4  )
أربعة أشهر من تاريخ امليالد. 
5. على األجنبي مغادرة الد ولة بعد انقضاء  املدة املارح له بالبقاء فيها بالدولة.  
6.   على األجنبي أن يحرز في أي وقت يطلب منه ذلك بطاقة هويته أو إثباهويته.  
 6 
   قرار مجلس الوزراء لسنة 2022   ( بإصدار الالئحة التنفيذية للمرسوم بقانون اتحادي رقم 29  ) لسنة2021    في شأن دخول وإقامة
األجانب  
 و ي  حدد الرئيس البيانا  الواجب   اسريفاؤها   وفقا    أل كام  البند  (1)  من هذر املادة  واإلجراءا    املرتبطة  
بواقعة الفقد أو تلف جواز السفر أو  بطاقة الهوية الواردة في البند ( 3) من هذر املادة.  
 
ثانياً : التزامات جهة االستقدام:  
1.   يلتزم األشخاص الطبيعيينواالعتباريين  بالدولة بعدم تشغيل األجنبي ولو على سبيل التجربة إال بعد  
ال اول على ترخيص بذلك من الجها  ا ختاة.   
2.   تلتزم جهةاالستقدام  ضامنة كانت أو جهة متعاقدة مع األجنبي برشغيل ذلك األجنبي متى كان مارح  
له بالعمل وإخطار الجها  ا ختاة عن واقعة  انقطاعه  عن العمل أو تغيبه  خال ل  (48)   ثمان وأربعين 
ساعة من واقعة االنقطاع  أو التغيب.  
"
"labour, residency and leberal professions",قرار مجلس الوزراء رقم (65) لسنة 2022 بإصدار اللائحة التنفيذية للمرسوم بقانون اتحادي رقم (29) لسنة 2021 في شأن دخول وإقامة الأجانب,"املادة (7) 
التزامات قائدي وسائل النقل 
على ربابنة السفن وقائدي  السيارا  والقطارا  وغيرها من  وسائل النقل عند وصولها الدولة أو مغادرتها   
لها أن يقدموا إلى املوظف ا ختص في الهيئة  املسرندا  أو  البيانا  اآلتية:  
1. أسماء الركاب الذين ال يحملون جوازا  سفر   أو وثائق سفر صال ة. 
2.   أسماء الركابالذين يشك  ون في ص ة جوازا  سفرهم أو عدم سريان مفعولها.   
3.   أسماء الركابالذين ال يحملون تأشيرا   دخول  أو تااريح إقامة ت  خولهم  الدخول  للدولة.  
 
الفصل الثاني  
 تأشيرات الدخول  
"
"labour, residency and leberal professions",قرار مجلس الوزراء رقم (65) لسنة 2022 بإصدار اللائحة التنفيذية للمرسوم بقانون اتحادي رقم (29) لسنة 2021 في شأن دخول وإقامة الأجانب,"املادة (8) 
 شروطمنح تأشيرة  دخول األجنبي للدولة  
يجوز منح األجنبي تأشيرة دخول إذا توافر  االشتراطا  العامة اآلتية:  
1.   أن يكون لديه جواز أو وثيقة سفر صال ان ومعتمدان لدخول الدولة والعودة إلى الدولة املقيم فيها
أو الاادر عنها الجواز أو الوثيقة، وأال  تقل مدة صال ية جواز أو وثيقة السفر عن   (6) ستة أشهر.  
2.   أال يكون ممنوعا  من الدخول إلى أراض ي الدولة.  
3. أال يكون قد سبق إبعادر من الدولة.   
4.  أن يكون لديه تذكرة سفر ملتابعة ر لته أو تذكرةمغادرة للدولة . 
5. .أن يكون لديه تأمين صحي ساري املفعول داخل الدولة  7 
   قرار مجلس الوزراء لسنة 2022   ( بإصدار الالئحة التنفيذية للمرسوم بقانون اتحادي رقم 29  ) لسنة2021    في شأن دخول وإقامة
األجانب  
 6.   أن توافقالجها   ا ختاة على  دخوله  بعد اسريفاء االشتراطا  املناوص عليها في   هذا القرار   
وتقديم املسرندا  والوثائق التي تثبت جدية الغرض  واسريفاء الرسوم  والضمانا  املقررة.  
 
"
"labour, residency and leberal professions",قرار مجلس الوزراء رقم (65) لسنة 2022 بإصدار اللائحة التنفيذية للمرسوم بقانون اتحادي رقم (29) لسنة 2021 في شأن دخول وإقامة الأجانب,"املادة (9) 
ضوابط إصدار التأشيرات من السفارات والهيئات القنصلية  
يجوز للسفارا  والهيئا  القنالية التي تمثل الدولة في الخار  أن تادر تأشيرا  الدخول وفقا  للضوابط 
واإلجراءا  اآلتية:  
1.    يقدم األجنبي املتواجد خارالدولة طلب تأشيرة الدخول على النموذ  املعتمد إلى   السفارا  أو  
القناليا  التي تمثل الدولة في الخار .  
2.   يتم منحالتأشيرا  من السفارة أو ا لقنالية بعد موافقة الهيئة على الطلب  وت  سجل في سجل خاص. 
3.   تادر تأشيرا  الدخول على النماذ  املعتمدة لدىالهيئة    وذلك بعد اسريفاء الرسوم  والضمانا   
املقررة وبمراعاة الشروط واإلجراءا  املناوص عليها في هذا القرار.  
 
"
"labour, residency and leberal professions",قرار مجلس الوزراء رقم (65) لسنة 2022 بإصدار اللائحة التنفيذية للمرسوم بقانون اتحادي رقم (29) لسنة 2021 في شأن دخول وإقامة الأجانب,"املادة (10 ) 
 أنواعتأشيرات الدخول   
تحدد تأشيرة الدخول    املمنو ة لألجنبي  الغاية من دخول  املها   إلى الدولة، وت  انف إلى  اآلتي:  
1. .تأشيرة دخول للزيارة  
2.  تأشيرة دخول مؤقت أو طارئ.  
3.  تأشيرة دخولللعمل.   
4.  تأشيرة دخوللإلقامة.   
5.  تأشيرةدخول مقيهي  دول مجلس التعاون لدول الخليج العربية  ومرافقيهم من األجانب.  
 
"
"labour, residency and leberal professions",قرار مجلس الوزراء رقم (65) لسنة 2022 بإصدار اللائحة التنفيذية للمرسوم بقانون اتحادي رقم (29) لسنة 2021 في شأن دخول وإقامة الأجانب,"املادة (11 ) 
تأشيرة دخول للزيارة  
للهيئة  -بعد  موافقة   الجها   ا ختاة-  أن  تمنح األجنبي  تأشيرة تجيز له دخول الدولة   للزيارة  املؤقتة سواء  
لسفرة وا دة أو لعدة  سفرا ، وتانف تأشيرة الدخول   سب الغرض من الزيارة إلى األنواع اآلتية:  
1. السيا ة.  
2. زيارة قريب أو صديق.   
3. مهمة عمل. 8 
   قرار مجلس الوزراء لسنة 2022   ( بإصدار الالئحة التنفيذية للمرسوم بقانون اتحادي رقم 29  ) لسنة2021    في شأن دخول وإقامة
األجانب  
 4.  استكشاففرص  العمل. 
5.   استكشاف فرص تأسيساألعمال.  
6. العال .  
7. الدراسة أو التدريب أو ال تأهيل.  
8. تأشيرة ا جاملة. 
يجوز بقرار من رئيس الهيئة  أو من يفوضه  إصدار تأشيرة الزيارة ألغراض أخرى   لم تذكر في هذر املادة شريطة  
التوثق من جدية الغرض من القدوم للدولة. 
 
 
 
"
"labour, residency and leberal professions",قرار مجلس الوزراء رقم (65) لسنة 2022 بإصدار اللائحة التنفيذية للمرسوم بقانون اتحادي رقم (29) لسنة 2021 في شأن دخول وإقامة الأجانب,"املادة (12 ) 
 مدةالبقاء لتأشيرة الدخول للزيارة   
1. تتحدد مدة بقاء الزائر بالغرض من قدومه   للدولة  وفقا    ملا تحددر الهيئة في هذا الشأن،  وفي جميع  
األ وال  يجب  أال   تزيد مدة  البقاء عن  عام مع ضرورة  اسريفاء  الرسم والضمان املقرر ويعتحر الجزء  
من الشهر شهر في تحديد قيمة الرسم الواجب أداءر.  
2.   يجوزبقرار من الرئيس أو من يفوضه   تمديد تأشيرة الدخول   للزيارة ملدة أو مدد  م ماثلة  في  ال إثبا   
جدية سبب التمديد ودفع الرسوم  املستحقة.  
 
"
"labour, residency and leberal professions",قرار مجلس الوزراء رقم (65) لسنة 2022 بإصدار اللائحة التنفيذية للمرسوم بقانون اتحادي رقم (29) لسنة 2021 في شأن دخول وإقامة الأجانب,"املادة (13 ) 
صالحية تأشيرة الدخول  للزيارة  
تكون   تأشيرة الدخول للزيارة   صال ة  لدخول الدولة  ملدة  (60  ) ستين يوما  اعتبارا    من تاريخ إصدار ها   ويمكن  
تجديدها ملدد مماثلة بعد اسريفاء  الرسم املقرر .  
 
تأشيرة دخول للزيارة بغرض السياحة 
"
"labour, residency and leberal professions",قرار مجلس الوزراء رقم (65) لسنة 2022 بإصدار اللائحة التنفيذية للمرسوم بقانون اتحادي رقم (29) لسنة 2021 في شأن دخول وإقامة الأجانب,"املادة (14 ) 
 تأشيرة السياحة 
للهيئة  أن تمنح األجنبي  تأشيرة دخول للزيارة بغرض السيا ة   ويكون الضامن/ املستضيف   داخل الدولة  
إ دى املنشآ  العاملة في مجال السيا ة وذلك بعد اسريفاء  الرسم والضمان املالي املقرر .  9 
   قرار مجلس الوزراء لسنة 2022   ( بإصدار الالئحة التنفيذية للمرسوم بقانون اتحادي رقم 29  ) لسنة2021    في شأن دخول وإقامة
األجانب  
  
"
"labour, residency and leberal professions",قرار مجلس الوزراء رقم (65) لسنة 2022 بإصدار اللائحة التنفيذية للمرسوم بقانون اتحادي رقم (29) لسنة 2021 في شأن دخول وإقامة الأجانب,"املادة (15 ) 
 تأشيرة السياحة املتعددة ملدة خمس سنوات 
1. استثناء    من  أ  كام املادة (12)    من هذاالقرار،  يجوز   للهيئة  إصدار تأشيرة  زيارة  متعددة بغرض  
السيا ة صال ة  ملدة  (5  )  خمسسنوا   من تاريخ اإلصدار  بدون اشتراط ضامن/ مستضيف داخل  
الدولة وذلك  بعد  اسريفاء الرسم والضمان  املالي املقرر ،  وي  شترط في إصدار التأشيرة  تقديم ما  يثبت  
توافر   رصيد مارفي   بمبلغ  (4000  )   دوالر أو ما يعادلهامن العمال  األجنبية   خالل  (6)    الستة أشهر
األخيرة السابقة على تقديم الطلب.  
2.   تسمح تأشيرة السيا ة متعددة الدخول للمستفيد منها بالبقاء في الدولة مدة متواصلة ال تتجاوز
(90   ) تسعين يوما، ويجو  ز   للهيئة  تمديدها ملدة  مماثلة على  أال   تتجاوز   مدة البقاء كاملة  (180 ) مائة
وثمانين يوما   في السنة الوا دة.  
3.   يجوز تمديد مدة البقاء في الدولة ملدة تزيد عن( 180   ) مائة وثمانين يوما   في السنة في  اال  استثنائية  
يادر بتحديدها قرار من الرئيس. 
 
تأشيرة دخول بغرض زيارة قريب أو صديق  
"
"labour, residency and leberal professions",قرار مجلس الوزراء رقم (65) لسنة 2022 بإصدار اللائحة التنفيذية للمرسوم بقانون اتحادي رقم (29) لسنة 2021 في شأن دخول وإقامة الأجانب,"املادة (16 ) 
للهيئة أن تمنح األجنبي تأشيرة دخول بغرض زيارة قريب أو صديق بدون ضامن /  مستضيف في الدولة.  
 
"
"labour, residency and leberal professions",قرار مجلس الوزراء رقم (65) لسنة 2022 بإصدار اللائحة التنفيذية للمرسوم بقانون اتحادي رقم (29) لسنة 2021 في شأن دخول وإقامة الأجانب,"املادة (17 ) 
 شروط إصدار تأشيرة دخول  بغرض زيارة قريب أو  صديق  
ي  شترط إلصدار تأشيرة زيارة قريب أو صديق  ما يأتي:  
1.   أن يكون الزائر قريبا  أو صديقا   ملواطن أو ألجنبي  مقيم في الدولة وفقا  لأل كام التي تحددها الهيئة.  
2. .إرفا  ما يثبت صلة القرابة واملحررا  املوجبة للزيارة  
3.  اسريفاءالضمان املالي املقرر    سب الغرض.  
4.   إذا كان الغرض من الدخول زيارة الزوجة األجنبية لزوجها من مواطني دول مجلس التعاونلدول  
الخليج العربية، ي  شترط أن يكون مرخاا    لها بإقامة سارية املفعول في الدولة التي يحمل الزو   
جنسيتها.  
 10 
   قرار مجلس الوزراء لسنة 2022   ( بإصدار الالئحة التنفيذية للمرسوم بقانون اتحادي رقم 29  ) لسنة2021    في شأن دخول وإقامة
األجانب  
 تأشيرة دخول للزيارة بغرض مهمة عمل  
"
"labour, residency and leberal professions",قرار مجلس الوزراء رقم (65) لسنة 2022 بإصدار اللائحة التنفيذية للمرسوم بقانون اتحادي رقم (29) لسنة 2021 في شأن دخول وإقامة الأجانب,"املادة (18 ) 
للهيئة  أن تمنح األجنبي  تأشيرة دخول  زيارة بغرض إنجاز مهمة عمل   مؤقتة  وذلك في  اال  العمل  على 
مشاريع مؤقتة أو  العمل تحت التجربة   لفترة زمنية  مؤقتة،  ويكون الضامن/  املستضيف  جهة العمل  في  
الدولة سواء  كانت جهة    كومية أو خاصة أو مؤسسة في املناطق ال رة.  
 
"
"labour, residency and leberal professions",قرار مجلس الوزراء رقم (65) لسنة 2022 بإصدار اللائحة التنفيذية للمرسوم بقانون اتحادي رقم (29) لسنة 2021 في شأن دخول وإقامة الأجانب,"املادة (19 ) 
 شروط إصدار تأشيرة دخول للزيارةبغرض  مهمة عمل  
ي  شترط إلصدار تأشيرة زيارة بغرض إنجاز مهمة عمل مؤقتة ما يأتي:  
1.   تقديمعقد عمل مؤقت أو رسالة من الجهة   املستقدمة  ت  بين العالقة التعاقدية والغرض من الدخول . 
2. .إثبا  اللياقة الص ية للعمل 
3.   موافقة وزارة املوارد البشرية والتوطين في  ال كانت الجهةاملستقدمة   خاضعة أل  كام قانون تنظيم  
عالقا  العمل أو كانت من فئة العمالة املساعدة في ا أل عمال املنزلية.  
 
تأشيرة دخول للزيارة بغرض استكشاف فرص العم ل  
"
"labour, residency and leberal professions",قرار مجلس الوزراء رقم (65) لسنة 2022 بإصدار اللائحة التنفيذية للمرسوم بقانون اتحادي رقم (29) لسنة 2021 في شأن دخول وإقامة الأجانب,"املادة (20 ) 
للهيئة  أن تمنح األجنبي  تأشيرة دخول زيارة   ال ستكشاف  فرص  العمل،  وتكون التأشيرة  بدون  اشتراط  ضامن /  
مستضيف داخل الدولة. 
 
"
"labour, residency and leberal professions",قرار مجلس الوزراء رقم (65) لسنة 2022 بإصدار اللائحة التنفيذية للمرسوم بقانون اتحادي رقم (29) لسنة 2021 في شأن دخول وإقامة الأجانب,"املادة (21 ) 
 شروط إصدار تأشيرة دخول للزيارة بغرضاستكشاف فرص  العمل 
ي  شترط إلصدار تأشيرة زيارة بغرض استك شاف الفرص املتا ة للعمل ما يأتي:  
1.  أنيستوفي املتقدم أ د  الشرطين التاليين:  
أ. أن يكون   املتقدم  من فئة العمالة املاهرة في املستوى املنهي األول أو الثاني أو الثالث من تانيف  
املهن املعتمد لدى وزارة املوارد البشرية والتو طين.  
ب. أن يكون  املتقدم  من خريجي  أفضل  (500)  خمسمائة  جامعة في العالم  بحسب التانيف املعتمد  
لدى وزارة التربية والتعليم وأال  يكون قد مر على تخرج ه أكثر من عامين.  
2.  أن يكونال د األدنى للمستوى التعليهي شهادة البكالوريوس أو ما يعادلها .  11 
   قرار مجلس الوزراء لسنة 2022   ( بإصدار الالئحة التنفيذية للمرسوم بقانون اتحادي رقم 29  ) لسنة2021    في شأن دخول وإقامة
األجانب  
 3.  أنيستوفي الضمان املالي املقرر.  
 
تأشيرة دخول للزيارة بغرض استكشاف فرص تأسيس األعمال  
"
"labour, residency and leberal professions",قرار مجلس الوزراء رقم (65) لسنة 2022 بإصدار اللائحة التنفيذية للمرسوم بقانون اتحادي رقم (29) لسنة 2021 في شأن دخول وإقامة الأجانب,"املادة (22 ) 
للهيئة أن تمنح األجنبي تأشيرة دخول زيارة بغرض بحث واستكشاف فرص األعمال، وتكون التأشيرة بدون  
اشتراط ضامن/ مستضيف   داخل الدولة،  وي  شترط  إل صدار التأشيرة  اسريفاء الرسم والضمان املالي املقرر.  
 
تأشيرة دخول للزيارة بغرض العالج  
"
"labour, residency and leberal professions",قرار مجلس الوزراء رقم (65) لسنة 2022 بإصدار اللائحة التنفيذية للمرسوم بقانون اتحادي رقم (29) لسنة 2021 في شأن دخول وإقامة الأجانب,"املادة (23 ) 
للهيئة  أن تمنح األجنبي  تأشيرة دخول زيارة بغرض العال ،  و يكون الضامن/  املستضيف  في هذر ال الة 
منشأة ص ية مرخاة في الدولة، كما يجوز منح تأشيرة ملرافق/ مرافقي متلقي العال .  
"
"labour, residency and leberal professions",قرار مجلس الوزراء رقم (65) لسنة 2022 بإصدار اللائحة التنفيذية للمرسوم بقانون اتحادي رقم (29) لسنة 2021 في شأن دخول وإقامة الأجانب,"املادة (24 ) 
شروط إصدار تأشيرة الزيارة للعالج  
ي  شترط إلصدار تأشيرة زيارة للعال  ما يأتي:  
1.  تقديمتقرير طبي معتمد  ورسالة من الجهة املست ضيفة تفيد محررا  الزيارة.  
2. اسريفاء الضمان املالي املقرر . 
3.   في  الة منح تأشيرة الدخول للمرافق لعال  املريض، يشترط دخول املرافق برفقة املريض للدولة   
وأن يحمل املرافق تأشيرة  دخول مماثلة لتأشيرة دخول املريض (سفرة وا دة أو لعدة سفرا  بحسب  
األ وال)،  وال يتم التمديد  للمرافق إال إذا مدد  تأشيرة  الدخول للمريض. وفي جميع األ وال يجب  
أن يكون للمستفيد تأمين صحي وأن يتم تقديم الضمان املالي املقرر.  
 
تأشيرة دخول للزيارة بغرض الدراسة أو التدريب أو التأهيل 
"
"labour, residency and leberal professions",قرار مجلس الوزراء رقم (65) لسنة 2022 بإصدار اللائحة التنفيذية للمرسوم بقانون اتحادي رقم (29) لسنة 2021 في شأن دخول وإقامة الأجانب,"املادة (25 ) 
للهيئة  أن تمنح األجنبي  تأشيرة دخول زيارة بغرض الدراسة أو التدريب أو التأهيل وما في  كمها، ويكون   
الضامن/  املستضيف  في هذر ال الة  إ دى  الجامعا  أو املعاهد أو  املؤسسا  التعليمية أو البحثية  
املرخاة في الدولة، كما يمكن أن   يكون الضامن/   املستضيف جهة   كومية أو خاصة ألغراض التدريب  أو  
التأهيل لفترة زمنية مؤقتة.  
 12 
   قرار مجلس الوزراء لسنة 2022   ( بإصدار الالئحة التنفيذية للمرسوم بقانون اتحادي رقم 29  ) لسنة2021    في شأن دخول وإقامة
األجانب  
 "
"labour, residency and leberal professions",قرار مجلس الوزراء رقم (65) لسنة 2022 بإصدار اللائحة التنفيذية للمرسوم بقانون اتحادي رقم (29) لسنة 2021 في شأن دخول وإقامة الأجانب,"املادة (26 ) 
 شروط إصدار تأشيرة دخول للزيارة بغرض الدراسةأو  التدريب أو التأهيل 
ي  شترط إلصدار تأشيرة زيارة لغرض الدراسة أو التدريب أو التأهيل  تقديم رسالة من الجهة  املست ضيفة   
متضمنة الحرنامج الدراس ي أو التدريبي ومدته. 
 
تأشيرة املجاملة  
"
"labour, residency and leberal professions",قرار مجلس الوزراء رقم (65) لسنة 2022 بإصدار اللائحة التنفيذية للمرسوم بقانون اتحادي رقم (29) لسنة 2021 في شأن دخول وإقامة الأجانب,"املادة (27 ) 
   للسفارا  والهيئا  القنالية التي تمثل الدولة في الخارمنح   تأشيرة ا جاملة بعد موافقة الهيئة للفئا   
اآلتية: 
1. تأشيرة زيارة للشخايا  التي يرون مالئمة منحها هذر التأشيرة.   
2.  تأشيرةزيارة ل ملة الجوازا  الدبلوماسية والخاصة وجوازا   األمم املتحدة.  
 
تأشيرة الدخول املؤقت/ الطارئ  
"
"labour, residency and leberal professions",قرار مجلس الوزراء رقم (65) لسنة 2022 بإصدار اللائحة التنفيذية للمرسوم بقانون اتحادي رقم (29) لسنة 2021 في شأن دخول وإقامة الأجانب,"املادة (28 ) 
للهيئة  -بعد موافقة الجها  ا ختاة -  أن تمنح األجنبي  تأشير ا  خاصة  ت  جيز له دخول الدولة   بشكل مؤقت  
في ال اال  اآلتية:  
1.  تأشيرة عبور للركاب املواصلين ر لتهم(الترانزيت).   
2.  طاقمالطائرة.  
3. البحارة.  
4. الدخول الطارئ ألسباب  محددة. 
 
"
"labour, residency and leberal professions",قرار مجلس الوزراء رقم (65) لسنة 2022 بإصدار اللائحة التنفيذية للمرسوم بقانون اتحادي رقم (29) لسنة 2021 في شأن دخول وإقامة الأجانب,"املادة (29 ) 
)تأشيرة العبور (ترانزيت  
1. للهيئة  أن تمنح  هذر التأشيرة  لألجنبي العابر واملواصل ر لته إلى دولة أخرى أو امللتحق بإ دى البواخر  
الراسية في أ د موانئ الدولة أو الذي يرغب االلتحا  بها وتضطرر ظروف الر لة إلى دخول البالد.  
2.   تخول تأشيرةالعبور (الترانزيت)   لأل جنبي البقاء  في  الدولة ملدة (48 )  ثمان وأربعين   أو (96)    ست
وتسعين ساعة وذلك وفقا   للشروط  اآلتية: 13 
   قرار مجلس الوزراء لسنة 2022   ( بإصدار الالئحة التنفيذية للمرسوم بقانون اتحادي رقم 29  ) لسنة2021    في شأن دخول وإقامة
األجانب  
 أ. أن يكون بحوزته جواز أو وثيقة سفر صال ين لدخول الدولة وكذلك الدولة التي يقاد متابعة 
الر لة إليها.  
ب. أن يكون بحوزته تذكرة ملتابعة الر لة،   وي  سرثنى من ذلك األجنبي الذي يرغب االلتحا  بباخرة  
راسية في أ د موانئ الدولة. 
 .  وفي جميع األ وال يجوز أن ت  منح هذر التأشيرة لر لتي الذهاب واإلياب عند التقدم بطلبها.  
 
"
"labour, residency and leberal professions",قرار مجلس الوزراء رقم (65) لسنة 2022 بإصدار اللائحة التنفيذية للمرسوم بقانون اتحادي رقم (29) لسنة 2021 في شأن دخول وإقامة الأجانب,"املادة (30 ) 
 تأشيرة دخولالبحارة  وأطقم الطائرة 
أوالً : البحارة  
1. للهيئة أن تمنح  هذر التأشيرة في املنفذ البحري للبحار متى توافر  فيه الشروط اآلتية: 
أ. أن يثبت هويته بجواز السفر البحري Seaman  Book).) 
ب. أن  يكون  اصال    على بطاقة البحارة التي تادرها الجهة ذا  االختااص  في الدولة إذا  كان عامال    
على ظهر السفن الوطنية العاملة في أعالي البحار باإلضافة إلى جواز السفر البحري.  
 .  أن يكون  اصال    على إقامة للعمل  في  الدولة وبطاقة البحارة التي تادرها  الجهة  ذا   االختااص   
في الدولة، إذا كان عامال   على ظهر السفن األجنبية املرتبطة بعقود عمل  في الدولة. 
2.   يجوز للبحارة وأطقم السفينة ال اول على تاريح تأشيرة مؤقتة ملدة( 7  )   سبعة أيام ملغادرة  رم
امليناء إلى أراض ي الدولة،  ويكون الضامن/ املستضيف في هذر ال الة  الوكيل البحري.  
3.   يجوز للبحارة وأطقم السفينةاالنتقال   داخل نفس امليناء من الوسيلة البحرية القادم عليها إلى أية  
وسيلة بحرية راسية في موانئ الدولة بعد إبالغ الجها  ا ختاة بدخول األجانب في املنفذ،   وي  شترط  
في هذر ال الة موافقة رباني الوسيلة القادم عليها واملنتقل إليها وفقا    للتعليما  املنظمة لهذا الشأن.  
 
ثانياً : طاقم  الطائرة  
تكون مدة البقاء بالدولة لطاقم الطائرة ( 7   ) سبعة أيام من تاريخالدخول.   
 
تأشيرة الدخول الطارئ  
"
"labour, residency and leberal professions",قرار مجلس الوزراء رقم (65) لسنة 2022 بإصدار اللائحة التنفيذية للمرسوم بقانون اتحادي رقم (29) لسنة 2021 في شأن دخول وإقامة الأجانب,"املادة (31 ) 
للهيئة  أن تمنح   تأشيرة الدخول الطارئ   في منافذ الدولة لألجنبي القادم بنظام العبور (الترانزيت) أو الذي  
تم إنزاله من وسيلة النقل في أ د منافذ الدولة أل د األسباب اآلتية: 
1.  .العارض الاحي  14 
   قرار مجلس الوزراء لسنة 2022   ( بإصدار الالئحة التنفيذية للمرسوم بقانون اتحادي رقم 29  ) لسنة2021    في شأن دخول وإقامة
األجانب  
 2.  .إلغاء الر ال  بسبب سوء األ وال الجوية 
3.   إلغاء الر ال  بسبب أعطال الطائرا  املفاجئةوتستوجب املكوث ملدة تزيد على ( 24   ) أربع وعشرين
ساعة.  
 
"
"labour, residency and leberal professions",قرار مجلس الوزراء رقم (65) لسنة 2022 بإصدار اللائحة التنفيذية للمرسوم بقانون اتحادي رقم (29) لسنة 2021 في شأن دخول وإقامة الأجانب,"املادة (32 ) 
 ضوابط تأشيرة الدخول الطارئ  
يكون الضامن /  املستضيف  لهذر التأشيرة  هو  الناقل (شركة الطيران)، وت  جيز  التأشيرة  ل املها البقاء في  
الدولة ملدة ال تتجاوز (96 ( ) ست وتسعين ساعة لألسباب الواردة في البندين 2  ،3) من املادة  السابقة،  
شريطة عدم وجود أي موانع أمنية تحول دون منحها.  
وتكون مدة البقاء ملدة ال ت تجاوز (7  )   سبعة أيام إذا كان سبب منحها العارض الاحي، على أن تعدل   
التأشيرة إلى  تأشيرة  دخول للعال  إذا تطلب البقاء في الدولة ألكثر من ذلك، ويتم وضع    امل التأشيرة  تحت  
 راسة الشرطة إذا كان من ضمن قائمة املمنوعين من دخول الدولة.  
 
وفي جميع األ وال ت  طبق ذا  األ كام على امل رافق.  
تأشيرة دخو ل  للعمل  
"
"labour, residency and leberal professions",قرار مجلس الوزراء رقم (65) لسنة 2022 بإصدار اللائحة التنفيذية للمرسوم بقانون اتحادي رقم (29) لسنة 2021 في شأن دخول وإقامة الأجانب,"املادة (33 ) 
للهيئة  أن تمنح  األجنبي  تأشيرة دخول  للعمل  تريح ل املها  البقاء  في  الدولة ملدة  (60)  ستين  يوما    من تاريخ  
الدخول ل ين إتمام اإلجراءا  الالزمة إلصدار   اإلقامة  في ال اال  اآلتية:  
 
1. األجنبي املرتبط بعقد عمل   مع صاحب عمل من  الجهات اآلتية:  
أ.  القطاع ال كومي االتحادي أو ا  لي.  
ب.  القطاع الخاص والخاضعين للمرسوم بقانون   اتحادي بشأن تنظيم عالقا  العمل. 
 . عمالة الخدمة املساعدة.  
د. الجها   املستثناة من  كل   أ كام  املرسوم بقانون   اتحادي بشأن  تنظيم عالقا  العمل  أو   من  شرط  
ال اول على تاريح عمل من وزارة املوارد البشرية والتوطين  بقرار يادر من مجلس الوزراء.  
 
2.   اإلقامة الخضراء وتتضمن الفئاتاآلتية:  
أ.  املسرثمر والشريك في رخاة تجارية بموجب عقد شراكة بنسبة مشاركة  يادر بتحديدها قرار من  
الرئيس.  
ب.  العامل املهاري   عالي املستوى . 15 
   قرار مجلس الوزراء لسنة 2022   ( بإصدار الالئحة التنفيذية للمرسوم بقانون اتحادي رقم 29  ) لسنة2021    في شأن دخول وإقامة
األجانب  
  .  العمل ال ر.  
تسري بشأن الفئا  الواردة في هذر املادة األ كام والضوابط الواردة في الفال الثالث من هذا القرار.  
 
تأشيرة دخو ل  لإلقامة بدون عمل  
"
"labour, residency and leberal professions",قرار مجلس الوزراء رقم (65) لسنة 2022 بإصدار اللائحة التنفيذية للمرسوم بقانون اتحادي رقم (29) لسنة 2021 في شأن دخول وإقامة الأجانب,"املادة (34 ) 
للهيئة  أن تمنح األجنبي  تأشيرة دخول لإل قامة بدون عمل تريح ل املها  البقاء  في  الدولة ملدة (60  )  ستينيوما    
من تاريخ الدخول ل ين إتمام اإلجراءا  الالزمة إلصدار اإلقامة في ال اال  اآلتية:  
1.  .الطالب امللتحق في الجامعا  أو الكليا  أو املؤسسا  التعليمية أو البحثية املرخاة في الدولة 
2.  األجنبي الذي يعملعن بعد (عمل افتراض ي) لدى جهة خار  الدولة.  
3.  .األجنبي املتقاعد 
4. .األجنبي الذي يملك عقارا  في الدولة  
5.   أفراد أسرة األجنبي املقيم في الدولة (الزو  واألبناء)،ويجوز أن يشمل والدي األجنبي   متى  كان من  
ال اصلين على اإلقامة الخضراء.  
6.  والدي وأبناء وزو  املواطنأ و املواطنة الذين يحملون جوازا  سفر أجنبية.  
7.  زوجا  وأبناء مواطني دول مجلس التعاون   لدول الخليج العربية   الذين يحملون جوازا  سفر أجنبية.  
8.  األجنبية التي توفي عنها زوجها املواطن أو طلقها ولها منهأ بن أو أكثر.  
9.  ال اال  اإلنسانية التي يادربرنظيمها قرار من الرئيس.  
تسري بشأن الفئا  الواردة في هذر املادة األ كام والضوابط الواردة في الفال الثالث من هذا القرار.  
 
"
"labour, residency and leberal professions",قرار مجلس الوزراء رقم (65) لسنة 2022 بإصدار اللائحة التنفيذية للمرسوم بقانون اتحادي رقم (29) لسنة 2021 في شأن دخول وإقامة الأجانب,"املادة (35 ) 
 تأشيرةدخو ل  مقيمي دول مجلس التعاون  لدول الخليج العربية  ومرافقيهم 
للهيئة أن تمنح  األجنبي املقيم في إ دى دول مجلس التعاون  لدول الخليج العربية   ومرافقيه من  األجانب  
تأشيرة دخول للدولة وفقا   للمدد والضوابط التي يادر  بتحديدها قرار  من الرئيس. 
 
الفصل الثالث 
 تصاريح اإلقامة  
أنواع تصاريح اإلقامة  
"
"labour, residency and leberal professions",قرار مجلس الوزراء رقم (65) لسنة 2022 بإصدار اللائحة التنفيذية للمرسوم بقانون اتحادي رقم (29) لسنة 2021 في شأن دخول وإقامة الأجانب,"املادة (36 ) 16 
   قرار مجلس الوزراء لسنة 2022   ( بإصدار الالئحة التنفيذية للمرسوم بقانون اتحادي رقم 29  ) لسنة2021    في شأن دخول وإقامة
األجانب  
 ي  حدد تاريح اإلقامة الغاية منه ويكون على نوعين رئيسيين  كاآلتي:  
1. تاريح إقامة للعمل.  
2. تاريح إقامة بدون عمل.  
 
وفي جميع األ و  ال يجوز تحويل تأشيرة الدخول إلى تاريح   إقامة دون ال اجة ملغادرة الدولة   بعد أداء الرسم  
املقرر لبدل املغادرة،   وينطبق ذا  ال كم على األجانب امللغاة إقاماتهم أو انتهت  املدة املارح لهم  فيها  اإلقامة  في 
الدولة. 
 
"
"labour, residency and leberal professions",قرار مجلس الوزراء رقم (65) لسنة 2022 بإصدار اللائحة التنفيذية للمرسوم بقانون اتحادي رقم (29) لسنة 2021 في شأن دخول وإقامة الأجانب,"املادة (37 ) 
 األحكام العامة إلصدار تصاريح اإلقامة  
باإلضافة إلى الضوابط والشروط الواردة في  هذا القرار، ي  شترط ملنح األجنبي إقامة في الدولة ما يأتي:  
1. أن يكون األجنب ي الئقا    ص يا   وفقا   للنظم النافذة في هذا الشأن.  
2.  أنيتمتع  األجنبي بضمان صحي طول فترة إقامته  في الدولة. 
3.  أداء الرسم والضمان املالياملقرر.  
 
 
"
"labour, residency and leberal professions",قرار مجلس الوزراء رقم (65) لسنة 2022 بإصدار اللائحة التنفيذية للمرسوم بقانون اتحادي رقم (29) لسنة 2021 في شأن دخول وإقامة الأجانب,"املادة (38 ) 
 مدة اإلقامة 
1.   يخول  تاريح اإلقامة  لاا به  ق اإلقامة في  الدولة ملدة  (2)  سنتين قابلة للتجديد  ملدة أو مدد  
مماثلة وفقا  لذا   الشروط التي م  نح بموجبها،  كما يجوز إصدارها ملدة عام  بناء  على طلب صا ب  
العالقة أو ملقتضيا  الاالح العام أو في  ال اال  التي يقر رها الرئيس.  
2.   يخول تاريح اإلقامة الخضراء لاا به  ق اإلقامة بدون ضامن /  صا ب عمل  في الدولة  ملدة (5  )
 خمس سنوا قابلة للتجديد ملدة أو مدد مماثلة وفقا  لذا  الشروط التي  منح بموجبها.  
 
"
"labour, residency and leberal professions",قرار مجلس الوزراء رقم (65) لسنة 2022 بإصدار اللائحة التنفيذية للمرسوم بقانون اتحادي رقم (29) لسنة 2021 في شأن دخول وإقامة الأجانب,"املادة (39 ) 
تصريح اإلقامة للعمل 
مع مراعاة  أ كام  املادة (33   ) من هذا القرار،للهيئة  بعد  موافقة الجها  ا ختاة أن تمنح   تاريح إقامة  
للعمل للفئا  اآلتية:  
 
1.  األجنبي املرتبط بعقد عمل معصاحب عمل من   الجهات اآلتية:  17 
   قرار مجلس الوزراء لسنة 2022   ( بإصدار الالئحة التنفيذية للمرسوم بقانون اتحادي رقم 29  ) لسنة2021    في شأن دخول وإقامة
األجانب  
 أ.  القطاع ال كومي االتحادي أو ا  لي.  
ب.  القطاع الخاص والخاضعين للمرسوم بقانون اتحادي بشأن  تنظيم عالقا  العمل. 
 . عمالة الخدمة املساعدة. 
د. الجها  املستثناة من كل أ كام  املرسوم بقانون   اتحادي بشأن  تنظيم  عالقا  العمل أو من شرط  
ال اول على تاريح عمل من وزارة املوارد البشرية والتوطين بقرار يادر من مجلس الوزراء.  
 
2.   اإلقامة الخضراء وتتضمن الفئاتاآلتية:  
أ. املسرثمر والشريك في رخاة تجارية بموجب عقد شراكة بنسبة مشاركة  يادر بتحديدها قرار من  
الرئيس.  
ب.  العامل  املهاري عالي املستوى.  
 . العمل ال ر. 
 
"
"labour, residency and leberal professions",قرار مجلس الوزراء رقم (65) لسنة 2022 بإصدار اللائحة التنفيذية للمرسوم بقانون اتحادي رقم (29) لسنة 2021 في شأن دخول وإقامة الأجانب,"املادة (40 ) 
تصريح إقامة  للعمل  لألجنبي  املرتبط بعقد عمل مع صاحب عمل  
للهيئة أن تمنح األجنبي املرتبط بعقد عمل مع صا ب عمل إقامة للعمل وفقا   للشروط اآلتية:  
1. إذا كانت جهة االستقدام إ دى جها  القطاع العام االتحادي أو ا  لي، تادر الهيئة تاريح اإلقامة  
بعد تقديم عقد العمل أو قرار التعيين لألجنبي. 
2.   إذا كانت جهة االستقدام خاضعةللمرسوم بقانون اتحادي بشأن   تنظيم عالقا  العمل أو كانت من فئة  
عمالة الخدمة املساعدة وجب ال اول على تاريح وزارة املوارد البشرية والتوطين.   
3.   إذا كانت جهة االستقدامإ دى  الجها  املستثناة من  كل أ كام  املرسوم بقانون اتحادي بشأن   تنظيم 
عالقا  العمل  أو من شرط ال اول على تاريح عمل من وزارة املوارد البشرية والتوطين،   تادر الهيئة 
تاريح اإلقامة بعد  تقديم عقد  العمل أو قرار التعيين لألجنبي، وفي جميع األ وال يجب أن يكون لتلك  
املؤسسا  نظام ل ماية األجور وفقا  ملا تحددر الهيئة في هذا الادد.  
 
"
"labour, residency and leberal professions",قرار مجلس الوزراء رقم (65) لسنة 2022 بإصدار اللائحة التنفيذية للمرسوم بقانون اتحادي رقم (29) لسنة 2021 في شأن دخول وإقامة الأجانب,"املادة (41 ) 
 اإلقامة للخضراءللمستثمر أو الشريك  
للهيئة أن تمنح اإلقامة الخضراء لألجنبي القادم   إلى الدولة لإلقامة   مسرثمرا    أو شريكا    في مشروع تجاري  في  
 ال تو ا فر الشروط  اآلتية: 
1. موافقة الهيئة على االسر ثمار   وفقا    لنظام تانيف املسرثمرين الذي يادر به قرار من الرئيس  
بالتنسيق مع وزارة  االقتااد و الجها  االتحادية وا  لية ا ختاة في هذا الشأن  . 18 
   قرار مجلس الوزراء لسنة 2022   ( بإصدار الالئحة التنفيذية للمرسوم بقانون اتحادي رقم 29  ) لسنة2021    في شأن دخول وإقامة
األجانب  
 2.   إثبا  قيمة االسرثمار أوالشراكة وفقا     للنسب التي يادر بتحديدها قرار من  الرئيس،  وفي  ال  كان  
األجنبي في أكثر من رخاة ياار إلى إجمالي رأس املال املسرثمر في اسريفاء النسبة املقررة.  
3.  .موافقة الجها  ا  لية ا ختاة والترخيص ملقدم الطلب بممارسة النشاط  
 
"
"labour, residency and leberal professions",قرار مجلس الوزراء رقم (65) لسنة 2022 بإصدار اللائحة التنفيذية للمرسوم بقانون اتحادي رقم (29) لسنة 2021 في شأن دخول وإقامة الأجانب,"املادة (42 ) 
اإلقامة الخضراء للعامل املهاري  
للهيئة  أن تمنح األجنبي  تاريح  إقامة  للعمل  بدون ضامن/  صا ب عمل  في الدولة  متى كان من فئة العمالة 
املاهرة وفق التانيف املنهي واملعايير   املعتمدة  من وزارة املوارد  البشرية والتوطين.  
 
"
"labour, residency and leberal professions",قرار مجلس الوزراء رقم (65) لسنة 2022 بإصدار اللائحة التنفيذية للمرسوم بقانون اتحادي رقم (29) لسنة 2021 في شأن دخول وإقامة الأجانب,"املادة (43 ) 
 شروط وضوا بط منح اإلقامة الخضراء  للعامل املهاري  
ي  شترط إلصدار تاريح اإلقامة الخضراء للعامل املهاري  اسريفاء االشتراطا   اآلتية: 
1.   أن يحال على تاريح عمل في الدولة بموجب عقد عمل سارياملفعول في الدولة.  
2.   أن يكون من فئة العمالة املاهرة في املستوى املنهي األول أو الثانيأو الثالث   من تانيف املهن املعتمد  
لدى وزارة املوارد البشرية والتوطين.  
3.  .أن يكون ال د األدنى للمستوى التعليهي شهادة البكالوريوس أو ما يعادلها  
4.  أال يقل الراتب الشهري عن( 15,000 )خمسة عشر أ لف درهم أو ما يعادلها من العمال  األجنبية.  
 
"
"labour, residency and leberal professions",قرار مجلس الوزراء رقم (65) لسنة 2022 بإصدار اللائحة التنفيذية للمرسوم بقانون اتحادي رقم (29) لسنة 2021 في شأن دخول وإقامة الأجانب,"املادة (44 ) 
اإلقامة الخضراء للعمل الحر  
للهيئة  أن تمنح األجنبي  تاريح إقامة للعمل  ال ر بشكل  مستقل  بدون ضامن/   صا ب عمل  ودون ال اجة   
لعقد عمل سواء  كان متواجدا   داخل الدولة أو  خارجها. 
 
"
"labour, residency and leberal professions",قرار مجلس الوزراء رقم (65) لسنة 2022 بإصدار اللائحة التنفيذية للمرسوم بقانون اتحادي رقم (29) لسنة 2021 في شأن دخول وإقامة الأجانب,"املادة (45 ) 
 شروط وضوا بط منح اإلقامة الخضراء للعمل الحر  
ي  شترط إلصدار اإلقامة الخضراء للعمل ال ر  اسريفاء االشتراطا   اآلتية:  
1. ال اول على تاريح عمل  ر من وزارة املوارد البشرية والتوطين.   
2.  أن يكون ال د األدنى للمستوى التعليهي شهادة البكالوريوس أو  الدبلوم التخاص ي أو   ما يعادلها.  19 
   قرار مجلس الوزراء لسنة 2022   ( بإصدار الالئحة التنفيذية للمرسوم بقانون اتحادي رقم 29  ) لسنة2021    في شأن دخول وإقامة
األجانب  
 3.   أال يقل الدخل السنويملقدم الطلب   من العمل ال ر لعامين سابقين عن  ( 360,000   ) ثالثمائة وستون
ألف درهما   أو ما يعادلها من العمال   األجنبية أو  أن يثبت مالءته املالية طوال فترة إقامته في  الدولة.  
 
"
"labour, residency and leberal professions",قرار مجلس الوزراء رقم (65) لسنة 2022 بإصدار اللائحة التنفيذية للمرسوم بقانون اتحادي رقم (29) لسنة 2021 في شأن دخول وإقامة الأجانب,"املادة (46 ) 
 تصريح اإلقامةبدون عمل  
مع مراعاة  أ كام  املادة (34 ) من هذا القرار،  للهيئة  بعد موافقة الجها  ا ختاة أن تمنح األجنبي  تاريح  
لإلقامة بدون عمل للفئا   اآلتية: 
1.  .الطالب امللتحق في الجامعا  أو الكليا  أو املؤسسا  التعليمية أو البحثية املرخاة في الدولة 
2.  األجنبي الذي يعمل عن بعد (عملافتراض ي) لدى جهة خار  الدولة.  
3.  .األجنبي املتقاعد 
4. .األجنبي الذي يملك عقارا  في الدولة  
5. أفراد أسرة األجنبي املقيم في الدولة  (الزو  واألبناء)،  ويجوز أن يشمل والدي األجنبي   متى  كان من  
ال اصلين على اإلقامة الخضراء.  
6.  والدي وأبناء وزو  املواطنأ و املواطنة الذين يحملو ن جوازا  سفر أجنبية.  
7.   زوجا  وأبناء مواطني دول مجلسالتعاون    لدول الخليج العربية   الذين  يحملون جوازا  سفر  أجنبية.  
8.  األجنبية التي توفي عنها زوجها املواطن أو طلقها ولها منهأ بن أو أكثر.  
9. .ال اال  اإلنسانية التي يادر برنظيمها قرار من الرئيس 
"
"labour, residency and leberal professions",قرار مجلس الوزراء رقم (65) لسنة 2022 بإصدار اللائحة التنفيذية للمرسوم بقانون اتحادي رقم (29) لسنة 2021 في شأن دخول وإقامة الأجانب,"املادة (47 ) 
 تصريح إقامةالطالب امل لتحق بمنشأة تعليمية   
للهيئة أن تمنح   تاريح إقامة بدون عمل للطالب   امللتحق  بإ دى  الجامعا  أو الكليا  أو املؤسسا   
التعليمية أو البحثية املرخاة في الدولة ويكون الضامن/ املستضيف   املنشأة التعليمية. 
 
"
"labour, residency and leberal professions",قرار مجلس الوزراء رقم (65) لسنة 2022 بإصدار اللائحة التنفيذية للمرسوم بقانون اتحادي رقم (29) لسنة 2021 في شأن دخول وإقامة الأجانب,"املادة (48 ) 
 شروط وضوابط منح إقامةال طالب امللتحق ب منشأة تعليمية  
ي  شترط إلصدار  تاريح إقامة الطالب  اسريفاء الشروط  اآلتية: 
1.   أنتكون  الجامعة  أو الكلية  أو املعهد  أ و املركز البحثي وما في  كمها مرخص لها  بممارسة النشاط  في  
الدولة. 
2.  ال اول على موافقة وزارة التربية والتعليمأ  و الجهة التعليمية ا ختاة في اإل مارة بحسب األ وال.  
 20 
   قرار مجلس الوزراء لسنة 2022   ( بإصدار الالئحة التنفيذية للمرسوم بقانون اتحادي رقم 29  ) لسنة2021    في شأن دخول وإقامة
األجانب  
 "
"labour, residency and leberal professions",قرار مجلس الوزراء رقم (65) لسنة 2022 بإصدار اللائحة التنفيذية للمرسوم بقانون اتحادي رقم (29) لسنة 2021 في شأن دخول وإقامة الأجانب,"املادة (49 ) 
تصريح إقامة العمل االفتراض ي 
للهيئة  أن  تمنح األجنبي  تاريح إقامة  للعمل  االفتراض ي  بدون ضامن/  مستضيف   ملدة  سنة  قابلة  للتجديد   
متى كان األجنبي يمارس عمال   عن بعد لدى جهة خار  الدولة. 
 
"
"labour, residency and leberal professions",قرار مجلس الوزراء رقم (65) لسنة 2022 بإصدار اللائحة التنفيذية للمرسوم بقانون اتحادي رقم (29) لسنة 2021 في شأن دخول وإقامة الأجانب,"املادة (50 ) 
 شروط وضوابط منح إقامة العملاالفتراض ي  
ي  شترط إلصدار تاريح إقامة العمل االفتراض ي في الدولة اسريفاء الشروط  اآلتية: 
1.  تقديم طالب التاريح ما يثبت عملهلدى جهة خار  الدولة وأن العمل يتم عن بعد . 
2.   تقديمما يثبت   اول طالب التاريح على  دخل شهري ال يقل عن  (3500)   ثالثة آالف وخمسمائة
دوالر أمريكي أو ما يعادلها من العمال  األجنبية. 
 
"
"labour, residency and leberal professions",قرار مجلس الوزراء رقم (65) لسنة 2022 بإصدار اللائحة التنفيذية للمرسوم بقانون اتحادي رقم (29) لسنة 2021 في شأن دخول وإقامة الأجانب,"املادة (51 ) 
تصريح إقامة األجنبي املتقاعد 
استثناء    من أ كام املادة (38)    منهذا القرار،  للهيئة  أن تادر   تاريح إقامة لألجنبي املتقاعد  بدون ضامن/   
مستضيف ملدة (5  )   خمس سنوا قابلة للتجديد وفقا  لذا  الشروط التي منح بموجبها.   
 
"
"labour, residency and leberal professions",قرار مجلس الوزراء رقم (65) لسنة 2022 بإصدار اللائحة التنفيذية للمرسوم بقانون اتحادي رقم (29) لسنة 2021 في شأن دخول وإقامة الأجانب,"املادة (52 ) 
شروط وضوابط منح اإلقامة لألجنبي املتقاعد  
ي  شترط إلصدار تاريح إقامة لألجنبي املتقاعد اسريفاء الشروط  اآلتية: 
1.  أال  تقل مدة خدمة األجنبي   قبل إ الته للتقاعد عن (15  )  خمس عشرعاما    سواء داخل الدولة أو  
خارجها، أو  أن يكون قد أتم ( 55 )   خمسا  وخمسينسنة ميالدية من عمرر.   
2.  أن يتوافر لديه أ دالشرط يين التاليين:  
أ. أن يكون مالكا  لعقار أو أكثر    في الدولة، ال تقل قيمة عقارر أو مجموع قيمة عقاراته عن   
(1,000,000  )  مليون درهم، سواء  كانت هذر القيمة هي القيمة الشرائية أو السوقية، على أن يتم
التقييم من قبل الجهة ا ختاة في اإلمارة املعنية، أو أن تكون لديه وديعة مالية ال تقل قيمتها عن  
(1,000,000  ) مليون  درهم داخل الدولة أو خارجها، شريطة نقلها وإيداعها   في أي  مؤسسة مالية  21 
   قرار مجلس الوزراء لسنة 2022   ( بإصدار الالئحة التنفيذية للمرسوم بقانون اتحادي رقم 29  ) لسنة2021    في شأن دخول وإقامة
األجانب  
 في الدولة خالل (60  ) ستين يوما  من تاريخ إصدار اإلقامة، وي  سرثنى من ذلك  ال قيامه باالسرثمار  
بقيمة الوديعة في الدولة. 
ب. أال يقل  الدخل السنوي ال ثابت  للمتقاعد  عن   (( 240,000  مئتين وأربعين  ألف درهم أو ما يعادلها  
من العمال  األجنبية، سواء كان مادر الدخل من داخل الدولة أو خارجها، شريطة تقديم كشف 
 ساب بنكي آلخر  (6 ) ستة أشهر من تاريخ تقديم طلب ال اول على اإلقامة.  
3.   مع مراعاة  كم البند(2 /أ)  من هذر املادة، إذا كان العقار مرهونا  فإنه ي   قبل صك  امللكية املرهونة 
شريطة أال  تقل القيمة املسددة لفك   الرهن من القيمة اإل جمالية للرهن عن  ( 1,000,000  )  مليون
درهم وقت تقديم طلب ال اول على اإلقامة.  
 
"
"labour, residency and leberal professions",قرار مجلس الوزراء رقم (65) لسنة 2022 بإصدار اللائحة التنفيذية للمرسوم بقانون اتحادي رقم (29) لسنة 2021 في شأن دخول وإقامة الأجانب,"املادة (53 ) 
 تصريح إقامةلألجنبي مالك العقار   
ي  شترط إلصدار تاريح إقامة لألجنبي مالك العقار  بدون ضامن/ مستضيف اسريفاء  الشروط اآلتية: 
1.  أن يكون العقار مكتمل البناءوال يشمل  مالك األراض ي  الفضاء.  
2.  تقديم شهادة ملكية للعقار من الجهة ا ختاة بالرسجيل العقاريبالدولة.  
3.   أن يكون العقار مملوكا  بالكامل ملقدم الطلب.  
4.   أن يكون العقار صالا    للسكن.  
5. أن  يكون ملقدم الطلب دخال    شهريا    ال يقل عن  (10,000)    عشرةآال ف  درهم  أو ما يعادلها من العمال    
األجنبية، أو أن يثبت مالءته املالية طوال فترة إقامته بالدولة.  
 
 
"
"labour, residency and leberal professions",قرار مجلس الوزراء رقم (65) لسنة 2022 بإصدار اللائحة التنفيذية للمرسوم بقانون اتحادي رقم (29) لسنة 2021 في شأن دخول وإقامة الأجانب,"املادة (54 ) 
 تصريح إقامة ألفراد أسرة األجنبي املقيم في الدولة  
1.   يجوز لألجنبياملقيم بالدولة   (ذكرا  كان أو أنثى)  استقدام  أفراد أسرته  شامال   الزو   واأل بناء من الذين  
لم يبلغوا  (25  ) الخامسة والعشرين  أو البنا  غير  املتزوجا ، كما يجوز استقدام األبناء من ذوي  
اال تياجا  الخاصة بغض النظر عن العمر  وفقا  للضوابط التي تادر من رئيس الهيئة.  
2.  يجوز لألجنبي ال اصلعلى اإلقامة   الخضراء استقدام أقاربه من الدرجة األولى.  
3.   تمنح إقامة أفراد األسرة لذا  مدة إقامة الضامن  /  رب األسرة،  وفي جميع األ وال يجب   أال   تتجاوز  
مدة صال ية إقامة أفراد األسرة مدة صال ية إقامة  الضامن/  رب األسرة.  
 22 
   قرار مجلس الوزراء لسنة 2022   ( بإصدار الالئحة التنفيذية للمرسوم بقانون اتحادي رقم 29  ) لسنة2021    في شأن دخول وإقامة
األجانب  
 "
"labour, residency and leberal professions",قرار مجلس الوزراء رقم (65) لسنة 2022 بإصدار اللائحة التنفيذية للمرسوم بقانون اتحادي رقم (29) لسنة 2021 في شأن دخول وإقامة الأجانب,"املادة (55 ) 
 شروط وضوابط تصريح إقامة ألفراد أسرة األجنبي املقيم في الدولة   
ي  شترط إلصدار تاريح إقامة ألفراد أسرة األجنبي  اسريفاء  الشروط اآلتية: 
1.  أن يكوناألجنبي  اصال    على تاريح إقامة في الدولة. 
2.  توفر املالءة املاليةللضامن / رب األسرة.  
3.  توفير السكناملالئم  ألفراد االسرة.  
4.  إثبا  صلةالقرابة.  
يادر رئيس الهيئة قرارا   بالضوابط املنظمة لالشتراطا  الواردة في هذر املادة.  
 
"
"labour, residency and leberal professions",قرار مجلس الوزراء رقم (65) لسنة 2022 بإصدار اللائحة التنفيذية للمرسوم بقانون اتحادي رقم (29) لسنة 2021 في شأن دخول وإقامة الأجانب,"املادة (56 ) 
تصريح إقامة لوالدي و أ بناء وزوج املواطن أو املواطنة الذين يحملون جوازات سفر أجنبية  
يجوز منح والدي وأبناء وزو  املواطن أو املواطنة الذين يحملون جوازا  سفر أجنبية  تاريح   إقامة مدته  
(5  ) خمس سنوا بدون عمل، ويكون الضامن/ املستضيف املواطن أو املواطنة، وذلك وفقا   لالشتراطا    
التي يادر بتحديدها قرار من الرئيس.  
 
 
 
 
 
 
"
"labour, residency and leberal professions",قرار مجلس الوزراء رقم (65) لسنة 2022 بإصدار اللائحة التنفيذية للمرسوم بقانون اتحادي رقم (29) لسنة 2021 في شأن دخول وإقامة الأجانب,"املادة (57 ) 
 تصريح إقامةزوجات وأبناء مواطني دول مجلس  التعاون  لدول الخليج العربية  الذين  
يحملون جوازات سفر أجنبية  
يجوز  منح  زو  أو زوجة مواطني دول مجلس التعاون   لدول الخليج العربية   وأبناءهم الذين يحملون 
جوازا  سفر  أجنبية، تاريح   إقامة  بدون عمل، وذلك وفقا  لالشتراطا  التالية،   ويكون الضامن/  
املستضيف  الزو  أو الزوجة: 
1.  أن يكون األجنبي  اصال  على إقامة في بلد الضامن/  املستضيف.  
2. توفر  املالءة املالية للضامن/ املستضيف. 23 
   قرار مجلس الوزراء لسنة 2022   ( بإصدار الالئحة التنفيذية للمرسوم بقانون اتحادي رقم 29  ) لسنة2021    في شأن دخول وإقامة
األجانب  
 3.  توفير السكن املالئم  ألفراد األسرة. 
4.  إثبا  صلةالقرابة.  
 
"
"labour, residency and leberal professions",قرار مجلس الوزراء رقم (65) لسنة 2022 بإصدار اللائحة التنفيذية للمرسوم بقانون اتحادي رقم (29) لسنة 2021 في شأن دخول وإقامة الأجانب,"املادة (58 ) 
 األجنبية التي توفي عنها زوجها املواطن أو طلقها ولها منه أبن أوأك  ثر 
يجوز  منح زوجة  املواطن  الذي توفي عنها زوجها أو  طلقها تاريح   إقامة  بدون عمل  شريطة  أن يكون لديها    
منه  أبن أو  أكثر،  ويكون الضامن/  املستضيف  في هذر ال الة  أكحر األبناء  الذكور وإذا  لم يكن لديها أبناء  
ذكور فأكحر البنا .  
 
"
"labour, residency and leberal professions",قرار مجلس الوزراء رقم (65) لسنة 2022 بإصدار اللائحة التنفيذية للمرسوم بقانون اتحادي رقم (29) لسنة 2021 في شأن دخول وإقامة الأجانب,"املادة (59 ) 
( يعتحر تاريح اإلقامة املمنوح لألجنبي الغيا  إذا تجاوز  مدة اإلقامة خار  الدولة أكثر من 180) مائة 
وثمانين يوما  متتاليا  .  
 
"
"labour, residency and leberal professions",قرار مجلس الوزراء رقم (65) لسنة 2022 بإصدار اللائحة التنفيذية للمرسوم بقانون اتحادي رقم (29) لسنة 2021 في شأن دخول وإقامة الأجانب,"املادة (60 ) 
( استثناء  من أ كام املادة 59  ) منهذا  القرار،  يستمر   تاريح اإلقامة ساريا   تى نهاية مدته وذلك بالنسبة للفئا  
اآلتية: 
1. . زوجا  املواطنين األجنبيا  
2.  عمالة الخدمة املساعدةاملرافقة للمبتعثين من املواطنين للدراسة في الخار .  
3.  عمالة الخدمة املساعدةومرافقو  املرض ى املواطنين املسافرين أو املبتعثين للعال  في الخار . 
4.   املرض ى من األجانب ومرافقيهم املسافرين أو املبتعثين للعال  في الخار  ولديهمتااريح  إقامة   سارية  
املفعول شريطة تقديم تقرير طبي ماد  من الجها  ا ختاة في الدولة.  
5. عمالة الخدمة املساعدة أل  عضاء البعثا  الدبلوماسية والقنالية التي تمثل الدولة في الخار  وموظفيها  
ال اصلين على تااريح إقام ة في الدولة.  
6.   األجانب املبتعثين من ق بل مؤسسا  القطاع العام في دورا  تدريبية أو تخااية، أو العاملين في مكاتبها
في الخار  وعائالتهم ال اصلين على  تااريح  إقامة سارية املفعول في الدولة.  
7.  عمالة الخدمة املساعدة ألفراد األسر ال اكمة العاملين في مساكنهم بالخار  وال اصلين على   تااريح  
إقامة سارية املفعول بالدولة.  
8.   الطلبةامللتحقين باملنشآ  التعليمية   خار  الدولة  ال اصلين على تااريح   إقامة  سارية املفعول   في الدولة.  
9.   املسرثمرونال اصلون على تااريح إقامة سارية املفعول.  24 
   قرار مجلس الوزراء لسنة 2022   ( بإصدار الالئحة التنفيذية للمرسوم بقانون اتحادي رقم 29  ) لسنة2021    في شأن دخول وإقامة
األجانب  
 10.  مكفولو ممثلي الدولة الدبلوماسيين والقناليينو املرافقين لهم.  
11.  أي فئةأخرى ياندر باسنتثنااها قرار من الرئيس أو من يفوضنه شنريطة أن يكون لديها تانريح إقامة سنارية  
املفعول وبعد اسريفاء الرسم املقرر في هذا الشأن.  
 
الفصل الرابع  
 سلطة الرقابة  
"
"labour, residency and leberal professions",قرار مجلس الوزراء رقم (65) لسنة 2022 بإصدار اللائحة التنفيذية للمرسوم بقانون اتحادي رقم (29) لسنة 2021 في شأن دخول وإقامة الأجانب,"املادة (61 ) 
 متابعة املخالفين 
على  الهيئة  متابعة  األجانب  وبافة  خاصة الذين  يدخلون البالد بموجب تأشيرا  دخول وال يغادرونها خالل  
املدة املارح لهم بها، وكذلك األجانب الذين تنتهي تااريح اإلقامة املمنو ة لهم أو تااريح العمل املؤقتة وال  
يبادرون إلى تجديدها أو تعديل أوضاعهم خالل املوعد ا  دد.  
ويكون للجهة ا ختاة  في  الهيئة صال ية التوقف عن منح التأشيرا  للضامن أو الجهة   املستضيفة  لألجنبي 
متى ثبت في أي وقت  من األوقا  عدم االلتزام باأل كام املنظمة لدخول األجانب.  
 
"
"labour, residency and leberal professions",قرار مجلس الوزراء رقم (65) لسنة 2022 بإصدار اللائحة التنفيذية للمرسوم بقانون اتحادي رقم (29) لسنة 2021 في شأن دخول وإقامة الأجانب,"املادة (62 ) 
الحمالت التفتيشية 
على  الهيئة  أن تقوم بحمال  تفتيشية للتأكد من عدم مخالفة القانون والقرارا  الاادرة تنفيذا    له واتباع  
اإلجراءا  القانونية  املقررة لضبط ا خالفين من الفئا  اآلتية:  
1. املرسللو ن ومَنْ يقومون بتهريبهم ومساعدتهم لدخول الدولة والبقاء فيها.  
2. مَن  يقومون برشغيل  األجانب من دون تاريح بذلك  سواء كانوا مرسللين أو  مستقدمين  من  جهة تعاقد  
أو ضامن لألجنبي  بما يخالف القوانين والنظم السارية في هذا  الشأن.  
3.   مَن ال يقومون برشغيلاألجانب املستقدمين للدولة للعمل ضمن عالقة تعاقدية كما نص عليها   
املرسوم بقانون اتحادي بشأن تنظيم عالقا  العمل ويتركونهم للعمل لدى الغير. 
4.  املرتبطون بعقد عمل والذينيعملون لدى الغير.  
5. مرتكبو   أي  من ا خالفا  األخرى املناوص عليها في قانون دخول وإقامة األجانب املشار إليه 
والقرارا  الاادرة تنفيذا   له. 
 
"
"labour, residency and leberal professions",قرار مجلس الوزراء رقم (65) لسنة 2022 بإصدار اللائحة التنفيذية للمرسوم بقانون اتحادي رقم (29) لسنة 2021 في شأن دخول وإقامة الأجانب,"املادة (63 ) 25 
   قرار مجلس الوزراء لسنة 2022   ( بإصدار الالئحة التنفيذية للمرسوم بقانون اتحادي رقم 29  ) لسنة2021    في شأن دخول وإقامة
األجانب  
 تفعيل دور الحمالت التفتيشية  
تتولى  الهيئة  التنسيق مع  جميع  الجها  املعنية في  الدولة  لوضع ضوابط تفعيل ال مال  التفتيشية  
وتحقيق التنسيق املطلوب  فيما بينهم.  
 
"
"labour, residency and leberal professions",قرار مجلس الوزراء رقم (65) لسنة 2022 بإصدار اللائحة التنفيذية للمرسوم بقانون اتحادي رقم (29) لسنة 2021 في شأن دخول وإقامة الأجانب,"املادة (64 ) 
 الغرامات اإلدارية  
تتولى  الهيئة  تحايل غرامة مالية  ال تزيد  عن (100   ) مائة درهم عن كل يوم يقيم فيه األجنبي في الدولة  
باورة غير قانونية،  ويبدأ ا رساب الغرامة اعتبار ا   من اليوم التالي لنننننننن:  
1.   انقضاء املدة املارح له باإلقامة فيها بالدولة بعد إلغاءتاريح  إقامته أو   انتهاءها ،  ويادر بتحديد تلك  
املدد قرار من الرئيس لكل فئة من فئا  املقيمين على  أال   تتجاوز في مجملها مدة  (6  )   ستة أشهر من تاريخ
إلغاء أو انتهاء  اإلقامة. 
2.  انقضاء املدة املارح بالبقاء فيها  في الدولة اسرنادا   لتأشيرة  الدخول غير  القابلة للتجديد. 
3. ( انقضاء مدة7 )  .سبعة أيام من تاريخ إصدار تاريح املغادرة  خالفي قانون دخول وإقامة األجانب  
و يادر  بقرار من مجلس الوزراء   -بناء  على توصية الرئيس وبعد التنسيق مع وزارة املالية -  جدول   با خالفا   
و الغراما   اإلدارية املفروضة عليها. 
 
الفصل الخامس  
 إخراج وإبعاد األجانب  
"
"labour, residency and leberal professions",قرار مجلس الوزراء رقم (65) لسنة 2022 بإصدار اللائحة التنفيذية للمرسوم بقانون اتحادي رقم (29) لسنة 2021 في شأن دخول وإقامة الأجانب,"املادة (65 ) 
إخراج األجنبي من الدولة 
يخر  من الدولة بأمر من الهيئة  كل أجنبي:  
1.   يضبط على ظهر إ دى السفن وهو يحاول دخول البالد باورة غير مشروعة.   
2.  إذا لم يكن  اصال  علىتأشيرة دخول أو  تاريح لإل قامة. 
3.   إذا انتهت مدة الترخيص املمنو ة له بموجبتأشيرة دخول أو تاريح إقامة ولم يبادر بالتجديد في   
األ وال التي يجوز فيها ذلك خالل املهلة املقررة.   
4.  .إذا أ لغيت تأشيرة دخوله أو تاريح إقامته ولم يبادر بمغادرة البالد خالل املهلة املقررة  
 
"
"labour, residency and leberal professions",قرار مجلس الوزراء رقم (65) لسنة 2022 بإصدار اللائحة التنفيذية للمرسوم بقانون اتحادي رقم (29) لسنة 2021 في شأن دخول وإقامة الأجانب,"املادة (66 ) 26 
   قرار مجلس الوزراء لسنة 2022   ( بإصدار الالئحة التنفيذية للمرسوم بقانون اتحادي رقم 29  ) لسنة2021    في شأن دخول وإقامة
األجانب  
 أسرة األجنبي الصادر أمر بإخراجه  
يجوز للهيئة تضمين أمر إخرا  األجنبي أفراد أسرته األجانب امل  كلف بإعالتهم.  
 
"
"labour, residency and leberal professions",قرار مجلس الوزراء رقم (65) لسنة 2022 بإصدار اللائحة التنفيذية للمرسوم بقانون اتحادي رقم (29) لسنة 2021 في شأن دخول وإقامة الأجانب,"املادة (67 ) 
 تنفيذ أوامر اإلخراج 
تتولى الهيئة تنفيذ أوامر اإلخرا  بالتنسيق مع وزارة الداخلية والقيادا  العامة للشرطة.  
 
"
"labour, residency and leberal professions",قرار مجلس الوزراء رقم (65) لسنة 2022 بإصدار اللائحة التنفيذية للمرسوم بقانون اتحادي رقم (29) لسنة 2021 في شأن دخول وإقامة الأجانب,"املادة (68 ) 
 نفقات إخراج األجنبي 
تكون نفقا  إخرا  األجنبي على  سابه الخاص أو على  ساب  الجهة الضامنة أو صا ب العمل إن كان  
تاريح إقامته مرتبطا  بعقد عمل،  وإن تعذر ذلك يتم إخراجه على نفقة  الهيئة. 
 
"
"labour, residency and leberal professions",قرار مجلس الوزراء رقم (65) لسنة 2022 بإصدار اللائحة التنفيذية للمرسوم بقانون اتحادي رقم (29) لسنة 2021 في شأن دخول وإقامة الأجانب,"املادة (69 ) 
 مهلة تصفية مصالح األجنبي الصادر أمر بإخراجه 
إذا كان لألجنبي الاادر أمر بإخراجه ماالح في  الدولة  تقتض ي التافية، منحته  الهيئة  مهلة لتافيتها بعد  
أن يقدم كفالة مقبولة، وبحيث ال تزيد هذر املهلة على (3 ) .ثالثة أشهر 
 
"
"labour, residency and leberal professions",قرار مجلس الوزراء رقم (65) لسنة 2022 بإصدار اللائحة التنفيذية للمرسوم بقانون اتحادي رقم (29) لسنة 2021 في شأن دخول وإقامة الأجانب,"املادة (70 ) 
 اإلبعاد القضائي 
ي  بعد األجنبي عن البالد إذا صدر ضدر  كم قضائي باإلبعاد.  
 
 
"
"labour, residency and leberal professions",قرار مجلس الوزراء رقم (65) لسنة 2022 بإصدار اللائحة التنفيذية للمرسوم بقانون اتحادي رقم (29) لسنة 2021 في شأن دخول وإقامة الأجانب,"املادة (71 ) 
 اإلبعاد اإلداري  
يجوز إبعاد األجنبي إداريا    عن الدولة ولو كان  اصال  على تاريح  باإلقامة في األ وال اآلتية:   
1. .إذا لم تكن له وسيلة ظاهرة للعيش 
2. .إذا رأ  سلطا  األمن أن إبعادر تستدعيه املال ة العامة أو األمن العام أو اآلداب العامة  
 27 
   قرار مجلس الوزراء لسنة 2022   ( بإصدار الالئحة التنفيذية للمرسوم بقانون اتحادي رقم 29  ) لسنة2021    في شأن دخول وإقامة
األجانب  
 "
"labour, residency and leberal professions",قرار مجلس الوزراء رقم (65) لسنة 2022 بإصدار اللائحة التنفيذية للمرسوم بقانون اتحادي رقم (29) لسنة 2021 في شأن دخول وإقامة الأجانب,"املادة (72 ) 
 أفرادأسرة املم بعد من األجانب  
يجوز أن يشمل أمر إبعاد األجنبي أفراد أسرته األجانب امل  كلف بإعالتهم.  
 
"
"labour, residency and leberal professions",قرار مجلس الوزراء رقم (65) لسنة 2022 بإصدار اللائحة التنفيذية للمرسوم بقانون اتحادي رقم (29) لسنة 2021 في شأن دخول وإقامة الأجانب,"املادة (73 ) 
 توقيف املمبعد 
يتم توقيف األجنبي الاادر أمر بإبعادر  في املؤسسا  العقابية واإلصال ية  ملدة ال تزيد على  شهر  كلما كان  
ذلك التوقيف ضروريا   لتنفيذ أمر اإلبعاد  وذلك بعد موافقة وذلك بعد موافقة النائب العام االتحادي.  
"
"labour, residency and leberal professions",قرار مجلس الوزراء رقم (65) لسنة 2022 بإصدار اللائحة التنفيذية للمرسوم بقانون اتحادي رقم (29) لسنة 2021 في شأن دخول وإقامة الأجانب,"املادة (74 ) 
نفقات اإلبعاد 
تكون نفقا   إبعاد  األجنبي وأسرته من مال ذلك األجنبي،  أو على نفقة من قام برشغيله با خالفة  للقانون  
وإال  تحملت الهيئة نفقا  اإلبعاد.  
 
"
"labour, residency and leberal professions",قرار مجلس الوزراء رقم (65) لسنة 2022 بإصدار اللائحة التنفيذية للمرسوم بقانون اتحادي رقم (29) لسنة 2021 في شأن دخول وإقامة الأجانب,"املادة (75 ) 
 مهلة تصفية مصالح األجنبي املمبعد  
إذا كان لألجنبي الاادر أمر بإبعادر ماالح في البالد تقتض ي التافية،  منحته  الهيئة  مهلة لتافيتها بعد 
أن يقدم كفالة مقبولة، وبحيث ال تزيد هذر املهلة على (3)  .ثالثة أشهر 
 
"
"labour, residency and leberal professions",قرار مجلس الوزراء رقم (65) لسنة 2022 بإصدار اللائحة التنفيذية للمرسوم بقانون اتحادي رقم (29) لسنة 2021 في شأن دخول وإقامة الأجانب,"املادة (76 ) 
العودة للبالد بعد اإلبعاد 
ال يجوز لألجنبي الذي سبق إبعادر من البالد العودة إليها إال بعد  اوله على موافقة من الرئيس.  
 
الفصل السادس 
 األحكام الختامية  
"
"labour, residency and leberal professions",قرار مجلس الوزراء رقم (65) لسنة 2022 بإصدار اللائحة التنفيذية للمرسوم بقانون اتحادي رقم (29) لسنة 2021 في شأن دخول وإقامة الأجانب,"املادة (77 ) 
 اإلقامة الذهبية 
تسري على اإلقامة الذهبية األ كام الواردة في املل ق  املرفق بهذا القرار.  
 28 
   قرار مجلس الوزراء لسنة 2022   ( بإصدار الالئحة التنفيذية للمرسوم بقانون اتحادي رقم 29  ) لسنة2021    في شأن دخول وإقامة
األجانب  
 "
"labour, residency and leberal professions",قرار مجلس الوزراء رقم (65) لسنة 2022 بإصدار اللائحة التنفيذية للمرسوم بقانون اتحادي رقم (29) لسنة 2021 في شأن دخول وإقامة الأجانب,"املادة (78 ) 
 النماذج 
تقدم  طلبا  ال اول على التأشيرا  واإلقاما  وتادر وفقا    للنماذ  التي  يادر باعتمادها   قرار من  
الرئيس.  
 
"
"labour, residency and leberal professions",قرار مجلس الوزراء رقم (65) لسنة 2022 بإصدار اللائحة التنفيذية للمرسوم بقانون اتحادي رقم (29) لسنة 2021 في شأن دخول وإقامة الأجانب,"املادة (79 ) 
اإللغاءات 
1.   يلغى  قرار وزير الداخلية   رقم (360  ) لسنة1997    بإصدار الالئحة التنفيذية لقانون دخول وإقامة
األجانب.  
2.   يلغى قرار مجلس الوزراء رقم ( 8 ) لسنة2021  .في شأن تنظيم تااريح اإلقامة الذهبية  
3.   يلغى أي  كم يخالف أو يتعارض مع هذا القرار.   
 
"
"labour, residency and leberal professions",قرار مجلس الوزراء رقم (65) لسنة 2022 بإصدار اللائحة التنفيذية للمرسوم بقانون اتحادي رقم (29) لسنة 2021 في شأن دخول وإقامة الأجانب,"املادة (80 ) 
 نشر القراروالعمل به 
ي  نشر هذا القرار في الجريدة الرسمية، وي  عمل به اعتبارا  من تاريخ 03/10 /2022 . 
 
 
 محمد بن راشد آلمكتوم  
                                                                                                                               رئيس مجلس الوزراء  
 
______________________ 
  :صدر عنا 
بتاريخ:      5     /   ذي الحجة  /  1443هـ 
املوافق:      12   /  يوليو   /   2022م 
 
امللحق املرفق بقرار مجلس الوزراء رقم (65 ) لسنة2022   بإصدار الالئحة التنفيذية للمرسوم
بقانون اتحادي رقم ( 29 ) لسنة2021  في شأن دخول وإقامة األجانب  
تنظيم تصاريح اإلقامة الذهبية  
 29 
   قرار مجلس الوزراء لسنة 2022   ( بإصدار الالئحة التنفيذية للمرسوم بقانون اتحادي رقم 29  ) لسنة2021    في شأن دخول وإقامة
األجانب  
 املادة (1) 
مدة تصريح اإلقامة الذهبية 
للهيئة  -بعد موافقة الجها  ا ختاة  سب األ وال -  أن تادر تاريح  إقامة طويلة األمد  ملدة (10  ) عشر
سنوا  قابلة للتجديد،  لفئا  معينة  من األجانب  وعائالتهم  تريح لهم اإلقامة الذاتية  دون ال اجة  لوجود  
ضامن/ مستضيف داخل الدولة  وذلك بهدف العمل  أو   االسرثمار أو تأسيس األعمال أو  االستقرار  في  
الدولة وفقا  للشروط واأل كام الواردة في هذا القرار.  
 
املادة (2) 
 التقديم علىتصريح اإلقامة الذهبية  
يمكن لألجنبي املستوفي  للشروط ا  ددة  في  هذا القرار   التقديم لل اول على   تاريح   اإلقامة الذهبية إما  
من خالل التقديم املباشر على مناة الهيئة أو من خالل التوصية/ الترشيح من قبل الجهة ال كومية  
االتحادية أو  ا  لية ا ختاة. 
 
املادة (3) 
 مزايا الحاصلين علىتصريح اإلقامة الذهبية 
1. يجوز إصدار تاا ريح إقامة ألفراد أسرة  األجنبي ال اصل على  اإلقامة الذهبية تشمل  الزو  واألبناء  
بغض النظر عن العمر واألبوين، ملدة (10   ) عشر سنواقابلة للتجديد .  
2.   يجوز لألجنبي ال اصل على اإلقامة الذهبية استقدامعمال الخدمة املساعدة وفقا   ملالءته املالية. 
3.   يمنح  األجنبي املستحق لإلقامة الذهبية من خار  الدولة   تأشيرة  دخول ملدة  (6) ستة  أشهر متعدد ة   
الدخول وقابلة  للتجديد ملدة (6) ستة أشهر أخرى الستكمال إجراءاته.  
4.   في  الة وفاةاملعيل ال اصل على اإلقامة الذهبية، يجوز ألفراد األسرة املعالين البقاء في الدولة طيلة  
مدة سريان اإلقامة ا ملمنو ة لهم وفقا   لالشتراطا  التي تحددها الهيئة. 
 
 
املادة (4) 
شروط االحتفاظ بتصريح  اإلقامة الذهبية  
1.  .القدرة على إعالة نفسه وأسرته دون دعم  كومي  30 
   قرار مجلس الوزراء لسنة 2022   ( بإصدار الالئحة التنفيذية للمرسوم بقانون اتحادي رقم 29  ) لسنة2021    في شأن دخول وإقامة
األجانب  
 2.   اال تفاظ بضمانصحي ساري املفعول له وألفراد أسرته طيلة فترة   سريان  اإلقامة  أو  سب ما هو  
معمول به لدى الجهة ا  لية ا ختاة.  
3.   للهيئة اتخاذ اإلجراءا  الالزمة للتأكد من استمرارية اسريفاء املشمولين بأ كام هذا القرار للشروط
املشار إليها فيه طيلة مدة سريان تاريح اإلقامة الذهبية.  
 
املادة (5) 
 تجديد تصريحاإلقامة الذهبية  
ت  جدد  تااريح  اإلقامة الذهبية بموافقة  الهيئة  -والجها  ا ختاة  سب األ وال -  وفق  ذا  املعايير  
واالشتراطا  التي منحت بموجبها وبعد اسريفاء الرسوم املقررة.  
 
املادة (6) 
 فئات اإلقامة الذهبية 
للهيئة  -بعد موافقة الجها  ا ختاة  سب األ وال -  أن تمنح األجنبي املستوفي  لالشتراطا  تاريح  
اإلقامة الذهبية ضمن الفئا  اآلتية:  
1.  .املستثمرون  
2.  .رواد األعمال  
3.  .النوابغ من املواهب 
4.  .العلماء واملتخصصون  
5.  .أوائل الطلبة والخريجين  
6.  .رواد العمل اإلنساني  
7.  .خط الدفاع األول  
كما يجوز بقرار من رئيس الهيئة منح تاريح اإلقامة الذهبية للشخايا   البارزة واملؤثرة ضمن الفئا   
املذكورة أعالر أو أية فئا  أخرى بناء  على توصية من الجها  ال كومية االتحادية وا  لية ا ختاة.  
 
 
 
املادة (7) 
 تصريح اإلقامة الذهبية للمستثمرين 31 
   قرار مجلس الوزراء لسنة 2022   ( بإصدار الالئحة التنفيذية للمرسوم بقانون اتحادي رقم 29  ) لسنة2021    في شأن دخول وإقامة
األجانب  
 للهيئة أن تمنح املسرثمر تاريح اإلقامة الذهبية متى ما استوفى الشروط والضوابط  ا  ددة في هذا  
القرار، وتشمل فئة املسرثمرين: 
1.  املسرثمرو ن في االسرثمارا  العامة داخل الدولة. 
2.  املسرثمرون فيالعقارا   داخل الدولة.  
 
املادة (8) 
 شروط إصدارتصريح اإلقامة الذهبية للمستثمرين   
ي  شترط ملنح تاريح اإلقامة الذهبية للمسرثمر أن تتوافر فيه االشتراطا  اآلتية:  
 
أوالً:  املستثمرون في استثمارات عامة داخل الدولة:  
1.   أن تكونللمسرثمر وديعة بقيمة ال تقل   عن  (2,000,000)  مليوني   درهم في صندو  اسرثماري أو في  
املاارف الوطنية العاملة داخل الدولة، أو  
2.   أن يقوم املسرثمر بإنشاء منشأة/ شركة في الدولة برأس مال ال يقل عن(2,000,000)   مليوني  درهم،  أو 
3.  أن يكون شريكا  في منشأة/ شركة قائمة أو جديدة بحاة مالية ال تقل عن( 2,000,000)  مليوني درهم،  
أو 
4.  أن يكون مالكا  ملنشأة/ شركة تقوم بسداد الضرائب املفروضة عليها من قبل ال كومة االتحادية
بقيمة ال تقل عن (250,000)   مئتين وخمسين ألف درهم سنويا، أو   
5.  أن يكون شريكا  في منشأة/ شركة تقوم بسداد الضرائب املفروضة عليها من قبل ال كومة االتحادية،
وتكون مساهمة  اته في الشركة تعادل على األقل (250,000)   مئتين وخمسين ألف درهم سنويا  من
الضريبة املدفوعة سنويا .  
6.  .أن يكون الرأسمال املسرثمر مملوكا  بالكامل للمسرثم ر وليس قرضا ، وتقديم أدلة تثبت ذلك  
7.   أن يتوفرضمان صحي شامل للمسرثمر وألفراد أسرته فع   ال عند التقديم  لل اول على اإلقامة  
الذهبية أو  سب ما هو معمول به لدى الجهة ا  لية ا ختاة.   
 
ثانياً: املستثمرون في العقار ات داخل الدولة: 
1.  أن يكون للمسرثمر  عقار ا    أو أكثر بقيمة إجمالية ال تقل عن  (2,000,000)  مليوني  درهم،  وأن  يكون  
العقار مملوكا  بالكامل للمسرثمر، ويجوز أن يكون قرضا  شريطة أن يكون القرض من أ د املاارف   
ا  لية التي تحددها الجهة ا  لية ا ختاة، أو   32 
   قرار مجلس الوزراء لسنة 2022   ( بإصدار الالئحة التنفيذية للمرسوم بقانون اتحادي رقم 29  ) لسنة2021    في شأن دخول وإقامة
األجانب  
 2. أن يكون املسرثمر في عقار عند شرائه لو دة عقارية   أو أكثر  على الخارطة  بقيمة إجمالية ال تقل عن 
(2,000,000 )  مليوني   درهم   بشرط أن يتم الشراء من الشركا  ا  لية املعتمدة من الجهة ا  لية  
ا ختاة.  
3.   أن يكون لدى املسرثمرضمان صحي شامل له وألفراد أسرته طوال مدة سريان اإلقامة   أو  سب ما هو  
معمول به لدى الجهة ا  لية ا ختاة.   
 
املادة (9) 
تصريح اإلقامة الذهبية لرواد األعمال  
للهيئة أن تمنح تاريح اإلقامة الذهبية  لرواد األعمال الذين لديهم مشاريع    أو   خطط أعمال ناج ة  من  
داخل أو خار  الدولة  في  ال اسريفاء الشروط والضوابط ا  ددة في هذا القرار.    وي  قاد برائد األعمال  
األجنبي الذي  يملك  مشروع  أو فكرة مشروع   اقتاادي  ذو طابع تقني   أو مستقبلي قائم على ا خاطرة  
واالبتكار.  
 
املادة (10 ) 
 شروط إصدارتصريح اإلقامة الذهبية لرواد األعمال   
ي  شترط ملنح تاريح اإلقامة الذهبية لرائد األعمال أن تتوافر فيه االشتراطا  اآلتية: 
1.   أن يكون مالكا  أو شريكا   بمشروع ريادي مسجل في الدولة ضمن فئة املشاريع الاغيرة واملتوسطة في  
مجال معتمد لدى وزارة  االقتااد أو الهيئة أو الجها   ا  لية ا ختاة،  شريطة أن يحقق إيرادا   
سنوية ال تقل عن مليون درهم، أو   
2. أن يكون  اصال     على موافقة على فكرة مشروعه   ال ريادي من  اضنة أعمال معتمدة أو من وزارة   
االقتااد أو الهيئة أو  من  الجها  ا  لية ا ختاة لتأسيس النشاط املقترح مزاولته في الدولة، أو  
3. أن يكون مؤسسا   / من املؤسسين ملشروع/ مشاريع ريادية سابقة تم بيعه/ بيعها بقيمة إجمالية ال تقل 
عن  (7,000,000)  سبعة ماليين درهم، شريطة موافقة وزارة االقتااد أو الهيئة أو    الجها   ا  لية  
ا ختاة.  
4.   أن يكون لدى رائد األعمالضمان صحي شامل له وألفراد أسرته فع ال عند التقديم لل اول على   
اإلقامة الذهبية أو  سب ما هو معمول به لدى الجهة ا  لية ا ختاة.   
 
املادة (11 ) 
تصريح اإلقامة الذهبية للنوابغ من املواهب 33 
   قرار مجلس الوزراء لسنة 2022   ( بإصدار الالئحة التنفيذية للمرسوم بقانون اتحادي رقم 29  ) لسنة2021    في شأن دخول وإقامة
األجانب  
 للهيئة أن تمنح تاريح اإلقامة الذهبية أل ص اب املواهب االستثنائية املتميزة في ا جاال  ذا  األهمية  
للدولة،  وذلك في  ال اسريفاء الشروط والضوابط ا  ددة في هذا القرار.   ت  منح اإلقامة الذهبية  في  هذر  
الفئة على أساس املوهبة فقط وال يتطلب عقد عمل في الدولة، كما ال ي  شترط  د أدنى للمؤهل العلهي أو  
الراتب الشهري أو املستوى املنهي. يندر  ضمن  هذر الفئة ما يلي:  
1. أهل الثقافة والفن .  
2.  املبتكرون وا خترعون.  
3. الرياضيون .  
4.  .املواهب في مجال التكنولوجيا الرقمية 
5.   املواهب االستثنائية في ا جاال  األخرى ذا  األهمية وفق ما تحددر الجها  ال كومية االتحادية أو
ا  لية ا ختاة.  
 
املادة (12 ) 
 شروط إصدار تصريح اإلقامة الذهبية للنوابغ من املواهب  
ي  شترط ملنح تاريح اإلقامة الذهبية لاا ب املوهبة االستثنائية أن تتوافر فيه االشتراطا  اآلتية:  
1. أهل الثقافة والفن: أن يكون   اصال   على توصية/  موافقة  من الجها  الثقافية  ال كومية  االتحادية  
أو ا  لية ا ختاة في الدولة. 
2.  املبتكرون واملخترعون: أن يكون صا ب براءة اختراع ذا  قيمة مضافة    القتااد الدولة، وأن يكون  
 اصال  على توصية/  موافقة من وزارة االقتااد أو الجهة ا  لية ا ختاة.  
3. :الرياضيون  أن يكون   اصال   على توصية/  موافقة  من  الهيئة العامة للرياضة أو ا جالس الرياضية  
ا  لية. 
4. املواهب في  مجال  التكنولوجيا الرقمية: أن يكون  اصال    على توصية/  موافقة  من  مجلس اإلمارا   
للذكاء االصطناعي  والتعامال  الرقمية.  
5. املواهب االستثنائية في املجاالت  األخرى   ذات األهمية:  أن يكون   اصال  على توصية/ موافقة من  
الجها  ال كومية االتحادية أو ا  لية ا ختاة. 
6.   أن يكون لدى صا باملوهبة   ضمان صحي شامل له وألفراد أسرته فع ال عند التقديم لل اول على  
اإلقامة الذهبية أو  سب ما هو معمول به لدى الجهة ا  لية ا ختاة.   
7. يجوز إصدار تاريح إقامة ذهبية ملدير    أعمال صا ب املوهبة وفقا  لالشتراطا  املنظمة لذلك   على  
أال تتجاوز  (3) ثالثة  تااريح إقامة ملدر اء  األعمال خالل مدة سريان اإلقامة الذهبية لاا ب املوهبة. 
 34 
   قرار مجلس الوزراء لسنة 2022   ( بإصدار الالئحة التنفيذية للمرسوم بقانون اتحادي رقم 29  ) لسنة2021    في شأن دخول وإقامة
األجانب  
  
 
املادة (13 ) 
شروط إصدار تصريح اإلقامة الذهبية للمواهب من أهل الثقافة والفن  
للهيئة أن تمنح تاريح اإلقامة  الذهبية  للمواهب  من أهل الثقافة  و الفن  بناء  على توصية وزارة  الثقافة  
والشباب أو الجها  ا  لية ا ختاة وفق الشرائح واملعايير اآلتية: 
1. الرائد: من له مكانة مرموقة عامليا  نريجة عمله اإلبداعي االستثنائي:  
أ. ال اول على جائزة عاملية أو دولية معروفة في ا جال اإلبداعي.   
ب. الترشح إل دى الجوائز العاملية املعروفة.  
 .  شهادة تقدير من جهة مرموقة عامليا  .  
د. لديه مناب فخري من جهة عاملية مرموقة بسبب  إبداعه املتميز. 
2.  :البارزمن له مكانة مرموقة محليا  أو إقليميا  نريجة عمله اإلبداعي  االستثنائي:  
أ. شهادة تقدير من إ دى الجها  املرموقة محليا  أو إقليميا  في  ا جال.  
ب. شهادة ترشح إل دى الجوائز املرموقة محليا  أو اقليميا  في ا جال.   
 .  لديه مناب فخري من جهة محلية أو إقليمية مرموقة بسبب  إبداعه املتميز. 
3.  املحترفاملميز: من يمارس املهنة اإلبداعية ولديه تميزا  الفتا  في إنتاجه اإلبداعي أو الفكري : 
أ. خحرة عمل مهنية ال تقل عن (5 )خمس  سنوا  في اإلنتا  الفكري أو اإلبداعي.   
ب. لديه أعمال إبداعية تم نشرها أو توزيعها محليا  أو إقليميا  أو   عامليا  خالل  آخر  (3 ) ثالثسنوا .  
 .  أن تكون أعماله اإلبداعية قد اكرسبت تقديرا  الفتا  من ا جتمع اإلبداعي.   
د. أن يكون قد عمل مع  جها  معروفة ومرموقة محليا  أو إقليميا  أو عامليا  في بلد اإلقامة أو في دول  
أخرى (عقود تجارية/ مشاركا  /  مهرجانا / منتديا / معارض/  ا تفاال  أو فر ).  
ه. تلقت إبداعاته اهتمام من النقاد أو وسائل اإلعالم أو الجها  املتخااة.  
و . عضوية نشطة في منظمة أو جمعية فنية دولية مرموقة. 
 
املادة (14 ) 
شروط إصدار تصريح اإلقامة الذهبية للمواهب الرياضية   
للهيئة أن تمنح تاريح اإلقامة  الذهبية  للمواهب  الرياضية  بناء  على توصية  من الهيئة العامة للرياضة أو  
ا جالس الرياضية ا  لية إذا كان ممن يلي:  
1.  .املواهب الرياضية املتميزة 35 
   قرار مجلس الوزراء لسنة 2022   ( بإصدار الالئحة التنفيذية للمرسوم بقانون اتحادي رقم 29  ) لسنة2021    في شأن دخول وإقامة
األجانب  
 2.   ققتفوقا  رياضيا  متميزا .   
3.  .يشغل منابا  قياديا  في االتحادا  أو اللجان أو املنظما  الرياضية الدولية  
4. .املتميزون في الطب الرياض ي 
 
املادة (15 ) 
تصريح اإلقامة الذهبية للعلماء واملتخصصين 
للهيئة أن تمنح تاريح اإلقامة الذهبية للعلماء واملهنيين املتخااين في  ال  اسريفاء الشروط  
والضوابط ا  ددة في هذا القرار، ويندر  ضمن هذر الفئة: 
1.   العلماء والبا ثين ذوي اإلنجازا  والتأثير العالي في مجالهمبناء  على توصية من   مجلس علماء اإلمارا .  
2. كبار علماء  ورجال  الدين من ذوي اإلسهاما  والتأثير   العالي  بناء  على توصية من وزارة الثقافة والشباب   
أو الجها  ا  لية ا ختاة . 
3.   نخبةاملتخااين   في   مجاال   الاناعة و الثورة الاناعية الرابعة  بناء    على توصية من  وزارة الاناعة  
والتكنولوجيا املتقدمة أو الجها  ا  لية ا ختاة.  
4.   نخبة املتخااين في ا جاال  الص ية بناء  علىتوصية من وزارة الص ة ووقاية ا جتمع أو الجها    
ا  لية ا ختاة.  
5.  نخبة املتخااين في ا جاال  التعليمية بناء  على توصية من وزارة التربية والتعليم أو الجها  ا  لية
ا ختاة.  
6.   العمالة املاهرة مناملتخااين في املستويا  املهنية العليا  سب التانيف   املنهي املعتمد في  وزارة  
املوارد البشرية والتوطين، ويشمل الفئا   اآلتية:  
أ. الرؤساء واملدراء التنفيذيون في املستوى املنهي األول .  
ب. االختااصيون في املستوى املنهي الثاني وهم:  
▪   االختااصيون في العلوم (وتشمل الفيزيائيون والفلكيون واالختااصيون في علوم املناخ،
واالختااصيون في الرياضيا  والعلوم االكتوارية واإل ااء، واالختااصيون في العلوم ال ياتية 
والبيئة وعلوم األوبئة، وعلوم الزراعة وغيرهم) .  
▪ االختااصيون في الهندسة (وتشمل التخااا  ال يوية مثل الهندسة الكهربائية وهندسة   
الكمبيوتر واالتااال  وهندسة الاناعة واإلنتا  والتعدين والبيئة وهندسة الروبوتا   
والتكنولوجيا ال يوية واملعماريون ومخططو املدن وغيرهم).   36 
   قرار مجلس الوزراء لسنة 2022   ( بإصدار الالئحة التنفيذية للمرسوم بقانون اتحادي رقم 29  ) لسنة2021    في شأن دخول وإقامة
األجانب  
 ▪   االختااصيون في الص ة (األطباء وأطباء األسنان والايادلة واالختااصيون في التمريض
واختااصيو   معالجة السمع والنطق والبار والعال  الطبيعي والتغذية وغيرها من التخااا   
الص ية ال يوية). 
▪   االختااصيون في التعليم العالي والعام والتعليم املنهي ومطورو املناهج التعليمية وأساليب
التدريس والتقييم املتقدمة وتعليم املوهوبين وذوي اال تياجا  الخاصة وغيرهم.   
▪ االختااصيون في األعمال واإلدارة (وتشمل املسرشارون في ا جال املالي واالسرثمار وا  للون  
املاليون والتجارة اإللكترونية والرسويق الرقهي وغيرهم).  
▪   االختااصيون في تكنولوجيا املعلوما  (وتشمل محللو ومطورو الحرمجيا  والتطبيقا ،
واملتخااون في علوم البيانا  والذكاء االصطناعي وأمن املعلوما ) .  
▪   االختااصيون في القانون واالجتماع والثقافة (وتشمل ا  امون والقضاة واالقتااديون،
واالختااصيون في علم االجتماع والفلسفة والسياسة والتاريخ، واملؤلفون والص فيون  
واللغويون، الفنون الرشكيلية (املعارض واملتا ف والنحاتون واملوسيقيون  واملغنون وا خرجون  
واملمثلون واملذيعون).   
 
املادة (16 ) 
 شروط إصدار تصريح اإلقامة الذهبيةللعلماء   
ي  شترط ملنح تاريح اإلقامة الذهبية للعلماء ما يأتي:  
1.  أنيكون  اصال   على توصية من مجلس علماء اإلمارا .  
2.   أن يكون اصال     على  ماجستير أو  دكتورار في  أ د تخااا   الهندسة والتكنولوجيا وعلوم ال ياة  
والعلوم الطبيعية   من أفضل  500     جامعة عامليا(للدكتورار) أو أفضل   250    )جامعة عامليا  (للماجستير
وفق التانيف ا  الدولية املعتمدة من وزارة التربية والتعليم، أو  
3.   أن يكون اصال     على  ماجستير أو  دكتورار في  أ د تخااا  الهندسة  والتكنولوجيا وعلوم ال ياة  
والعلوم الطبيعية  من  جامعة مانفة ضمن  أفضل  100     جامعة عامليافي تانيف التخاص الدقيق   
وفق التانيف ا  الدولية املعتمدة من وزارة التربية والتعليم.  
4. ( أن ينطبق الشرط2( ) أو3  .) على الجامعة في أي من السنوا  العشر األخيرة 
5.   أن يكون  اصال   على معدل  1.0  أو أعلى في مؤشر االقتباس املوزون  سب التخاص  Field 
Weighted   Citation Index (FWCI)   وأن يكون  اصال   على معدل 10  أو أعلى في مؤشر h-index . 
6.   يسرثنى من الشروط أعالر ال اصلين على   ( Scopus H index ≥ 20   ) أو ذوي اإلنجازا  في بناء قطاع
البحث والتطوير  داخل وخار  الدولة بناء  على توصية مجلس علماء اإلمارا .  37 
   قرار مجلس الوزراء لسنة 2022   ( بإصدار الالئحة التنفيذية للمرسوم بقانون اتحادي رقم 29  ) لسنة2021    في شأن دخول وإقامة
األجانب  
 7. أن تكون الشهادة معتمدة من وزارة التربية والتعليم.   
8.   أن يكون لديهضمان صحي شامل له وألفراد أسرته فع ال عند التقديم لل اول على اإلقامة الذهبية   
أو  سب ما هو معمول به لدى الجهة ا  لية ا ختاة.  
املادة (17 ) 
 شروط إصدار تصريح اإلقامة الذهبيةل لمتخصصين 
للهيئة أن تمنح تاريح اإلقامة الذهبية في هذر الفئة  على أساس التوظيف (العمل النشط) في الدولة ملن  
تتوفر فيه  الشروط اآلتية: 
1. .أن يحال على تاريح عمل في الدولة بموجب عقد عمل ساري املفعول في الدولة  
2.  أن يكون من فئة العمالة املاهرة في املستوى املنهي األول أو الثاني سب التانيف املنهي   املعتمد لدى  
وزارة املوارد البشرية والتوطين.  
3.  .أن يكون ال د األدنى للمستوى التعليهي شهادة البكالوريوس أو ما يعادلها  
4. أال يقل الراتب الشهري عن  ( 30,000 ) ثالثينألف درهم إماراتي أو ما يعادلها من العمال  األجنبية.  
5.  .أن يكون  اصال  على ترخيص مزاولة مهنة للمهن التي تتطلب ذلك: الطبيب، الايدلي، املعلم وغيرها  
6.   أن يكون لديهضمان صحي شامل له وألفراد أسرته فع ال عند التقديم لل اول على   اإلقامة الذهبية   
أو  سب ما هو معمول به لدى الجهة ا  لية ا ختاة. 
 
املادة (18 ) 
  تصريح اإلقامة الذهبيةأل وائل الطلبة والخريجين  
للهيئة أن تمنح تاريح اإلقامة الذهبية (ملرة وا دة غير قابلة للتجديد) أل وائل الطلبة والخريجين من  
املدارس والجامعا  اإلماراتية وأفضل الجامعا  العاملية   وفق الشروط والضوابط ا  ددة في هذا  
القرار، ويندر  ضمن   هذر الفئة ما يأتي:  
1.  أوائلالثانوية العامة أو ما يعادلها من طلبة املدارس في الدولة.  
2.  أوائل خريجي البكالوريوس منالجامعا   املعتمدة في الدولة أو من أفضل الجامعا  العاملية.  
3. أوائل خريجي املاجستير والدكتورار من الجامعا  املعتمدة في الدولة.   
 
املادة (19 ) 
شروط إصدار تصريح اإلقامة الذهبية ألوائل  الطلبة 
ي  شترط إلصدار تاريح اإلقامة الذهبية ألوائل الطلبة  ما يأتي:  38 
   قرار مجلس الوزراء لسنة 2022   ( بإصدار الالئحة التنفيذية للمرسوم بقانون اتحادي رقم 29  ) لسنة2021    في شأن دخول وإقامة
األجانب  
 1.   أن يكون  اصال   على شهادة الاف الثاني عشر من مدرسة  كومية أو مدرسة خاصة مرخاة من  
وزارة التربية والتعليم أو الجها  التعليمية ا  لية  ا ختاة. 
2.   أال يقلمعدل الثانوية العامة (أو ما يعادلها) عن   95    % وبناء  على توصية وزارة التربية والتعليم والجها
ا  لية ا ختاة، أو  أن يلبي املتقدم املعايير املعتمدة لتحقيق القيمة املطلوبة أو أكثر ملؤشر القوة   
األكاديمية( Academic Strength  Index ASI)     املعتمد من وزارة التربية والتعليم بناء  على االختبار
القياس ي الوطني في املواد الرئيسية.  
3. أن تكون الشهادة معتمدة    من وزارة التربية والتعليم.   
 
املادة (20 ) 
شروط إصدار تصريح اإلقامة الذهبية ألوائل   خريجي جامعات الدولة  
ي  شترط إلصدار تاريح اإلقامة الذهبية ألوائل خريجي جامعا  الدولة ما يأتي:  
1.   أن يكون  اصال   على شهادة  البكالوريوس أو املاجستير أو الدكتورار   من جامعة مرخاة من وزارة التربية  
والتعليم.  
2.   أن تكون الجامعة مانفة A  أو B  وفق  التانيف املعتمد من وزارة التربية والتعليم.  
3. :أال يقل املعدل التراكهي للمتقدم عن 
▪ 3.5  أو ما يعادله في  الة تخرجه من جامعة مانفةA . 
▪ 3.8  أو ما يعادله في  الة تخرجه من جامعة مانفةB . 
4.  .أال يكون قد مر على التخر  أكثر من عامين  
5. أن تكون الشهادة مادقة من وزارة التربية والتعليم.   
 
املادة (21 ) 
شروط إصدار تصريح اإلقامة الذهبية  ألوائل خريجي الجامعات العاملية 
ي  شترط إلصدار تاريح اإلقامة الذهبية ألوائل خريجي  الجامعا  العاملية ما يأتي:  
1. أال يقل تانيف الجامعا    العاملينننة عن أفضل  100   جامعة في العالم وفق التانيفالدولي  املعتمد  
من وزارة التربية والتعليم.  
2. أال يقل املعدل التراكهي لخريج البكالوريوس عن  3.5 .درجة  
3.  أاليكون قد مر على التخر  أكثر من عامين.   
4.  .أن تكون الشهادة معتمدة من وزارة التربية والتعليم  
 39 
   قرار مجلس الوزراء لسنة 2022   ( بإصدار الالئحة التنفيذية للمرسوم بقانون اتحادي رقم 29  ) لسنة2021    في شأن دخول وإقامة
األجانب  
  
 
 
 
املادة (22 ) 
تصريح اإلقامة الذهبية لرواد العمل اإلنساني والعاملين فيه  
للهيئة أن تمنح تاريح اإلقامة الذهبية لرواد العمل اإلنساني ممن لهم إسهاما  بارزة وملموسة في هذا  
ا جال من داخل وخار  الدولة  بناء  على توصية من  وزارة تنمية ا جتمع بالتنسيق مع الجها  ال كومية  
االتحادية وا  لية ا ختاة، ويندر  ضمن هذر الفئة:  
1.  أعضاءاملنظما  الدولية واإلقليمية أو العاملين فيها.   
2.  .أعضاء الجمعيا  واملؤسسا  األهلية ذا  النفع العام أو العاملين فيها 
3. ال اصلون على الجوائز التقديرية في مجال العمل اإلنساني.  
4. .املتطوعون املتميزون  
5.  .الداعمون ماديا  للعمل اإلنساني  
 
املادة (23 ) 
 شروط إصدارتصريح  اإلقامة الذهبية لرواد العمل اإلنساني والعاملين فيه  
ي  شترط إلصدار تاريح اإلقامة الذهبية لرواد العمل اإلنساني والعاملين فيه  ما يأتي: 
1.   أن يكون من أعضاء املنظما  الدولية واإلقليمية، أو العاملين املتميزين فيها، ملدة ال تقل عن( 5 ) خمس 
سنوا .  
2.   أن يكون من أعضاء الجمعيا  واملؤسسا  األهلية ذا  النفع العام، أو العاملين املتميزين فيها، ملدة
ال تقل عن (5) خمس سنوا . 
3. ال اصلون  على الجوائز  التقديرية من إ دى املؤسسا  ا  لية أو اإلقليمية أو الدولية املتخااة في  
مجال العمل اإلنساني.  
4. ( الداعمون ماديا  للعمل اإلنساني، على أال تقل قيمة الدعم عن 2,000,000   ) مليوني درهم إماراتي أو
ما يعادلها.  
5.  .أن يكون  اصال  على مؤهل جامعي  
6. أية فئة أخرى يتم االتفا  عليها بين وزارة تنمية   ا جتمع والجها  ا  لية ا ختاة والهيئة وتقع ضمن  
مجاال  العمل اإلنساني.  40 
   قرار مجلس الوزراء لسنة 2022   ( بإصدار الالئحة التنفيذية للمرسوم بقانون اتحادي رقم 29  ) لسنة2021    في شأن دخول وإقامة
األجانب  
  
 
 
 
املادة (24 ) 
تصريح اإلقامة الذهبية  للعاملين في خط الدفاع األول  
للهيئة أن تمنح تاريح اإلقامة الذهبية ألص اب الجهود االستثنائية في   ماية مجتمع اإلمارا   في  
التادي لألزما  وذلك   بتوصية من الجها  ال كومية املعنية، و منهم  الكوادر العاملة في خط الدفاع األول  
في التادي لجائحة كوفيد  من املمرضين واملسعفين و املساعدين الطبيين وفنيي  ا ختحرا  وفنيي الايادلة 
وغيرهم من الكوادر املعتمدة لدى مكتب فخر الوطن.  "
economy and business,مرسوم بقانون اتحادي رقم (42) لسنة 2023 في شأن مكافحة الغش التجاري,"املادة (1) 
 التعريفات  
في تطبيق  أحكام هذا املرسوم بقانون ،  ي  قصد  بالكلمات والعبارات التالية،   املعاني املبينة  قرين كل منها،  ما لم  
يقض   سياق النص بغير  ذلك: 
الدولة : اإلمارات العربية املتحدة.  
الوزارة  : وزارة االقتصاد.  
الوزير  : وزير االقتصاد.  
السلطة املختصة : السلطة املحلية املختصة في  اإلمارة املعنية التي ي  ناط بها تطبيق  أحكام هذا  
املرسوم بقانون.  
املحكمة املختصة  : املحكمة االتحادية أو املحلية املختصة بحسب األحوال.  
اللجنة العليا  : اللجنة العليا ملكافحة الغش التجاري.  
الغش التجاري  : خداع  املتعامل   بأية وسيلة كانت وذلك بتبديل أو تغيير ماهية السلع أو مقدارها  
أو جنسها أو سعرها أو صفاتها الجوهرية أو منشئها أو مصدرها أو صالحيتها  أو  
تقديم بيانات تجارية غير صحيحة أو مضللة عن املنتجات املرو  جة  أو أي أمر  
آخر متعلق بها يؤدي إلى خداع املتعامل.  
البضائع  : كل مادة طبيعية أو منتج حيواني أو زراعي أو صناعي أو تحويلي أو فكري   بما في 
ذلك املنتجات األساسية والكمالية واملواد الخام واملصنعة ونصف املصنعة.  2 
  مرسوم بقانون اتحادي لسنة 2023  فيشأن مكافحة الغش التجاري   
 البضائع املغشوشة  : أي بضاعة أدخل عليها تغيير مما أفقدها شيئاً   من قيمتها املادية أو املعنوية،  
سواء كان ذلك باإلضافة أو اإلنقاص أو بتغيير في ذاتها أو طبيعتها أو جنسها أو  
نوعها أو خواصها أو شكلها أو عناصرها أو كيلها أو مقاسها أو عددها أو طاقتها  
أو عيارها أو منشأها أو مصدرها، أو اإلعالن عنها أو الترويج لها بما يخالف  
حقيقتها، أو عدم مطابقة املواصفات واملقاييس املحددة في الدولة.  
البضائع الفاسدة  : أي بضاعة لم تعد صالحة لالستغالل أو االستعمال أو االستهالك كلياً  أو جزئياً .  
البضائع املقلدة  : أي بضاعة تحمل دون إذن عالمة تجارية مطابقة  أو مشابهة للعالمة التجارية   
املسجلة بصورة قانونية.  
املنشأة  : أي شخص يقوم بنشاط اقتصادي  أو شخص مرتبط به   أو أي تجمع لهؤالء   
األشخاص بغض النظر عن شكله القانوني الذي يجوز من خالله ممارسة  
النشاط االقتصادي في الدولة. 
املزود  : كل شخص طبيعي أو اعتباري يقوم باستيراد أو تصدير أو إعادة تصدير أو  
تصنيع أو إنتاج أو تسويق أو تداول أو ترويج أو تصريف أو بيع أو حيازة أو تخزين  
أو نقل أو عرض البضائع لحسابه أو لحساب الغير.  
املتعامل  : الشخص الطبيعي أو االعتباري الذي  يقوم بشراء البضاعة. 
سحب البضاعة  : أي إجراء يهدف إلى منع طرح بضاعة مغشوشة أو فاسدة  أو مقلدة في الدولة.   
 
"
economy and business,مرسوم بقانون اتحادي رقم (42) لسنة 2023 في شأن مكافحة الغش التجاري,"املادة (2) 
 أهدافاملرسوم بقانون   
يهدف هذا املرسوم بقانون إلى ما يأتي: 
1. مكافحة أنشطة تقليد البضائع األصلية  و الغش التجاري    بكافة صوره وأنواعه.   
2.   وضع اآلليات والضوابط واإلجراءات ملكافحة الغش التجاري بهدفمنع   التجارة في  البضائع   املقلدة  
واملغشوشة  والفاسدة.  
3.  خلق بيئة تجارية قانونية ومشجعةعلى  حماية حقوق امللكية الفكرية.   
 
 
 
 3 
  مرسوم بقانون اتحادي لسنة 2023  فيشأن مكافحة الغش التجاري   
 "
economy and business,مرسوم بقانون اتحادي رقم (42) لسنة 2023 في شأن مكافحة الغش التجاري,"املادة (3) 
 نطاقسريان املرسوم بقانون   
تسري أحكام هذا  املرسوم بقانون  على كل من ارتكب  فعل من أفعال الغش  التجاري   في الدولة بما في ذلك  
املناطق الحرة.  
 
"
economy and business,مرسوم بقانون اتحادي رقم (42) لسنة 2023 في شأن مكافحة الغش التجاري,"املادة (4) 
البضائع املغشوشة أو الفاسدة  أو املقلدة  
1.   يحظر استيراد  البضائع املغشوشة أو الفاسدة  أو املقلدة  أو تصديرها أو إنتاجها أو تصنيعها أو عرضها أو  
بيعها أو تخزينها أو نقلها أو تسويقها أو تداولها أو ترويجها أو تصريفها أو حيازتها بقصد البيع، كما ي  حظر  
الشروع في أي من ذلك.  
2.   يعد مخالفاً  ألحكام هذا املرسوم بقانون كل من ارتكب أو شارك أو   شرع في ارتكاب أحد األفعال اآلتية:  
أ. استيراد بضائع مغشوشة أو فاسدة أو  مقلدة  أو  مواد  مخصصة  لهذه  األغراض  بقصد   الغش التجاري   
و تصديرها أو إعادة تصديرها أو تصنيعها أو إنتاجها أو بيعها أو تخزينها أو نقلها مع العلم بذلك. 
ب. الخداع أو الغش  أو التقليد  في نوع البضاعة، أو عددها، أو مقدارها، أو قياسها، أو كيلها، أو  وزنها، أو  
طاقتها، أو عيارها، أو ذاتيتها، أو حقيقتها، أو طبيعتها، أو صفاتها، أو عناصرها، أو أصلها، أو منشأها،  
أو تركيبتها، أو تاريخ صالحيتها.  
ج. الحيازة بالذات أو بالواسطة بقصد تسويق أو تداول أو ترو يج أو عرض بضائع مغشوشة أو فاسدة  أو  
مقلدة للبيع، أو مواد لغش البضائع أو تقليدها.  
د. استعمال أواني، أو أوعية، أو أغلفة، أو عبوات، أو ملصقات، أو مطبوعات في تجهيز أو تحضير ما  
يكون معداً  للبيع من البضائع املغشوشة أو الفاسدة أو املقلدة. 
ه. تعبئة،  أو تغليف،  أو حزم،  أو ربط، أو توزيع، أو تخزين، أو نقل البضائع املغشوشة أو الفاسدة   أو  
املقلدة. 
و. حيازة البضائع املغشوشة أو الفاسدة  أو املقلدة، بقصد التعديل أو  التغيير أو التبديل عليها. 
ز. وصف البضاعة أو اإلعالن عنها أو عرضها بأسلوب يحتوي على بيانات كاذبة أو خادعة أو مضللة.  
 
 
 
 4 
  مرسوم بقانون اتحادي لسنة 2023  فيشأن مكافحة الغش التجاري   
 "
economy and business,مرسوم بقانون اتحادي رقم (42) لسنة 2023 في شأن مكافحة الغش التجاري,"املادة (5) 
السحب من األسواق واملخازن واإلتالف   
1. يلتزم املزود  من تلقاء نفسه أو بناءً على أمر الوزارة أو السلطة املختصة -حسب األحوال - بسحب البضائع  
املغشوشة أو الفاسدة  أو املقلدة  من األسواق واملخازن، وإبالغ السلطة املختصة  أو الوزارة بحسب األحوال   
بذلك واإلعالن عن ذلك بالطرق املناسبة، ويجوز للسلطة املختصة  أو الوزارة بحسب األحوال   سحب  
البضائع املغشوشة والفاسدة  واملقلدة  والتصرف فيها أو  إتالفها  أو إعادتها  إلى مصدرها  على نفقة املزود  
دون اإلخالل بالعقوبة املقررة بحقه، وت  حدد الالئحة التنفيذية  لهذا  املرسوم بقانون  اإلجراءات والضوابط  
واملدد الالزمة لذلك  وأوجه التنسيق ما بين الوزارة والسلطة املختصة.   
2. في جميع األحوال،  يلتزم  املزود  بتسديد أي نفقات أو مصاريف تتكبدها السلطة املختصة  أو الوزارة بحسب   
األحوال بشأن  سحب أو التصرف  أ و  إتالف  أو إعادة البضائع   املغشوشة أو الفاسدة  أو املقلدة على النحو   
املنصوص عليه في البند (1 ) من هذه املادة.  
 
"
economy and business,مرسوم بقانون اتحادي رقم (42) لسنة 2023 في شأن مكافحة الغش التجاري,"املادة (6) 
 علم املتعامل بالغش التجاري  
1.   ال يعفى  املزود  من العقوبة املقررة  في هذا  املرسوم بقانون   إثباته   ع  لم  املتعامل   بأن  البضاعة   مغشوشة أو  
فاسدة أو مقلدة. 
2. ( مع مراعاة البند1 ) من هذه املادة،  ت  نظم الالئحة التنفيذية لهذا املرسوم بقانون الحاالت التي يجوز فيها  
فرض غرامة إدارية على املتعامل   إذا كانت  البضائع املغشوشة أو الفاسدة أو املقلدة أو املواد املستعملة في  
غشها ضارة بصحة وسالمة اإلنسان أو الحيوان  وثبت علم املتعامل بذلك.  
 
"
economy and business,مرسوم بقانون اتحادي رقم (42) لسنة 2023 في شأن مكافحة الغش التجاري,"املادة (7) 
رد قيمة البضائع املغشوشة أو الفاسدة  أو املقلدة  
يلتزم املزود برد قيمة البضائع املغشوشة   أو  الفاسدة  أو   املقلد ة  أو تبديلها  أو تغييرها  طبقاً   لرغبة  املتعامل  حسن  
النية، وذلك دون اإل خالل بحق املتعامل في املطالبة بالتعويض. 
 
 
 5 
  مرسوم بقانون اتحادي لسنة 2023  فيشأن مكافحة الغش التجاري   
 "
economy and business,مرسوم بقانون اتحادي رقم (42) لسنة 2023 في شأن مكافحة الغش التجاري,"املادة (8) 
التزامات املزود  
يلتزم املزود بما يأتي:  
1.   أن يقدمإلى السلطة املختصة   أو الوزارة  بحسب األحوال الدفاتر التجارية اإللزامية أو ما في حكمها والتي 
توضح البيانات التجارية للبضائع التي يملكها أو يحوزها وقيمتها وكافة املستندات والفواتير املؤيدة لها متى 
طلب منه ذلك.  
2.   أن يضع على البضائع البطاقات التعريفية أو أي معلومات مكتوبة أو مطبوعة أومرسومة أو محفورة   
تصاحب منتج من املنتجات وتبين مكونات السلعة وكيفية استعمالها أو صيانتها أو تخزينها، وذلك بحسب  
القوانين النافذة في الدولة.  
 
"
economy and business,مرسوم بقانون اتحادي رقم (42) لسنة 2023 في شأن مكافحة الغش التجاري,"املادة (9) 
الضبطية القضائية 
يكون للموظفين الذين يصدر بتحديدهم قرار من وزير العدل باالتفاق مع الوزير  أو رئيس  الجهة القضائية  
املحلية  -حسب األحوال -  صفة مأموري  الضبط القضائي في إثبات ما يقع من مخالفات ألحكام هذا املرسوم  
بقانون والئحته التنفيذية والقرارات الصادرة تنفيذاً   له. 
 
"
economy and business,مرسوم بقانون اتحادي رقم (42) لسنة 2023 في شأن مكافحة الغش التجاري,"املادة (10 ) 
صالحيات  وواجبات  مأموري الضبط القضائي  
1.   ملأموري الضبط القضائيحق دخول املحال التجارية واملخازن واملصانع   واملنشآت  وجميع األماكن غير  
املعدة للسكن  في أي وقت  للتفتيش واالطالع  على السجالت والدفاتر وضبط البضائع املشتبه فيها أو  
التحفظ عليها لدى املزود، وتحت  مسؤوليته، وسحب عينات منها للفحص والتحليل،   وت  حدد  الالئحة  
التنفيذية لهذا املرسوم بقانون  إجراءات  التفتيش  و الفحص و التحفظ على البضائع و املدد الزمنية الالزمة  
لذلك. 
2.   يجب علىمأمور الضبط القضائي اتخاذ اإلجراءات الوقائية الالزمة لضمان الصحة والسالمة املهنية أثناء   
تأدية مهامه التفتيشية.  
 
 6 
  مرسوم بقانون اتحادي لسنة 2023  فيشأن مكافحة الغش التجاري   
 "
economy and business,مرسوم بقانون اتحادي رقم (42) لسنة 2023 في شأن مكافحة الغش التجاري,"املادة (11 ) 
املحظورات  
1. .ي حظر منع مأموري الضبط القضائي من تأدية أعمالهم  
2.   يحظر على املزود التصرف بالبضائع املتحفظ عليها قبل ظهور نتيجة الفحص  بإجازتها.  
 
"
economy and business,مرسوم بقانون اتحادي رقم (42) لسنة 2023 في شأن مكافحة الغش التجاري,"املادة (12 ) 
طلب اإل فراج عن البضاعة  
1.   يجوز للمزود الذي  تم  ضبط بضاعتهأو   التحفظ عليها أن يتقد م  إلى  املحكمة  املختصة  بطلب  اإلفراج عن  
البضاعة املضبوطة  أو املتحفظ عليها،  وللمحكمة أن تأمر خالل (24  )  ساعةمن تقديم الطلب باإلفراج ، 
بمراعاة الشروط والضوابط اآلتية : 
أ. أن يقدم املزود للمحكمة ما يفيد أن البضاعة سريعة الهالك أو التلف. 
ب. أن يكون قد تم أخذ عينات  من البضاعة املتحفظ عليها  للفحص.  
ج. أن يترجح لدى املحكمة عدم وجود خطر على الصحة العامة  من اإلفراج عن البضائع . 
2. ( مع عدم اإلخالل بالبند1  ) من هذه املادة،  يفرج عن البضاعة إذا لم يصدر أمراً   من املحكمة  املختصة  
بتأييد التحفظ خالل (45  ) الخمسة واألربعين يوماً   التالية ليوم الضبط، مع مراعاة  أال  تتجاوز هذه املدة  
(20 ) عشرين يوماً للبضائع التي تكون عرضة للهالك أو التلف السريع.   
 
"
economy and business,مرسوم بقانون اتحادي رقم (42) لسنة 2023 في شأن مكافحة الغش التجاري,"املادة (13 ) 
اإلغالق  
يجوز بقرار مسبب من الوزير أو من يفوضه   أو رئيس السلطة املحلية أو من يفوضه   في حالة الضرورة أو  
االستعجال عند قيام دالئل قوية على وجود بضائع مغشوشة أو فاسدة  أو مقلدة  لدى املزود بإغالق املحل أو  
املكان الذي وقعت فيه الجريمة، على أن ي  عرض  األمر على املحكمة  املختصة  خالل (10)  عشرة  أيام عمل من  
تاريخ إصدار القرار إلقرار الغلق أو إلغائه وإال اعتبر القرار كأن لم يكن. 
 
 
 
 7 
  مرسوم بقانون اتحادي لسنة 2023  فيشأن مكافحة الغش التجاري   
 "
economy and business,مرسوم بقانون اتحادي رقم (42) لسنة 2023 في شأن مكافحة الغش التجاري,"املادة (14 ) 
 اللجنة العليا ملكافحة الغش التجاري  
ي  نشأ بموجب هذا املرسوم بقانون لجنة تسمى  ""اللجنة العليا ملكافحة الغش  التجاري"" تتبع الوزير،   ويصدر  
بتشكيلها وتحديد نظام عملها واختصاصاتها قرار من مجلس الوزراء بناءً على اقتراح الوزير بالتنسيق مع  
السلطات املختصة.  
 
"
economy and business,مرسوم بقانون اتحادي رقم (42) لسنة 2023 في شأن مكافحة الغش التجاري,"املادة (15 ) 
 الئحةالجزاءات اإلدارية   
تحدد املخالفات و الجزاءات اإلدارية عن األفعال التي تقع باملخالفة ألحكام هذا  املرسوم بقانون   و الئحته  
التنفيذية و القرارات الصادرة تنفيذاً   لهما، و الجهات التي تتولى فرض الجزاءات، وتحديد الجهة املختصة   
بتحصيل الغرامات اإلدارية، وذلك بقرار من مجلس الوزراء  بناءً على اقتراح الوزير   وبالتنسيق مع السلطة  
املختصة. 
 
العقوبات  
"
economy and business,مرسوم بقانون اتحادي رقم (42) لسنة 2023 في شأن مكافحة الغش التجاري,"املادة (16 ) 
مع عدم اإلخالل بأي عقوبة أشد ينص عليها أي قانون آخر،   ي  عاقب على الجرائم املبينة في هذا  املرسوم بقانون  
بالعقوبات املقررة فيه. 
 
"
economy and business,مرسوم بقانون اتحادي رقم (42) لسنة 2023 في شأن مكافحة الغش التجاري,"املادة (17 ) 
  يعاقب بالحبس   مدة ال تزيد على  (2  ) ( سنتين وبغرامة ال تقل عن5,000  ) خمسةآالف درهم،  وال تزيد على  
(1,000,000  )مليون درهم أو بإحدى هاتين العقوبتين كل من خالف أحكام املواد (4( )،5) ،(8 )،(11  ) من هذا
املرسوم بقانون.  
 
"
economy and business,مرسوم بقانون اتحادي رقم (42) لسنة 2023 في شأن مكافحة الغش التجاري,"املادة (18 ) 
( تشدد عقوبة الجرائم املشار إليها في املادة17   ) من هذا املرسوم بقانون، لتكون الحبسو  الغرامة  التي ال  تقل   
عن (100,000 ) مائة ألف  درهم، وال تزيد على   (2,000,000) مليوني  درهم  أو بإحدى هاتين العقوبتين  في  الحاالت   
اآلتية: 8 
  مرسوم بقانون اتحادي لسنة 2023  فيشأن مكافحة الغش التجاري   
 1. إذا اقترن فعل الغش أو الخداع  أو التقليد في البضاعة  – أو الشروع فيهما  – باستعمال موازين أو مكاييل  
أو مقاييس أو أختام أو ملصقات أو آالت فحص مزيفة أو مختلفة،  أو باستعمال طرق ووسائل من شأنها  
جعل عملية وزن املنتج أو كيله أو قياسه أو فحصه غير صحيحة.  
2. إذا  كانت البضائع املغشوشة أو الفاسدة أو  املقلدة أو  املواد املستعملة في غشها ضارة بصحة وسالمة  
اإلنسان أو الحيوان.  
3. إذا  كانت البضائع املغشوشة أو الفاسدة أو املقلدة   عقاقير طبية أو حاصالت زراعية أو منتجات غذائية  
عضوية. 
 
املادة  (19 ) 
1.  دون اإلخالل بأحكام املادتين( 17() و18) من هذا املرسوم بقانون وحقوق الغير حسن النية،  على املحكمة 
املختصة  أن تقض ي بمصادرة أو إتالف البضائع املغشوشة أو الفاسدة  أو املقلدة  أو العقاقير الطبية أو  
الحاصالت أو املنتجات  واملواد  واألدوات املستخدمة في ذلك، وينشر  ملخص الحكم النهائي الصادر باإلدانة  
في صحيفتين يوميتين محليتين إحداهما باللغة العربية أو أية  وسيلة أخرى ت  حددها املحكمة  املختصة، 
وذلك كله على نفقة املحكوم عليه.  
2.   للمحكمة أن تقض ي بإغالق املحل أو املكان الذيوقعت فيه الجريمة مدة ال تزيد على   (6 ) .ستة أشهر 
 
املادة (20 ) 
 معاقبة املسؤول عن اإلدارة الفعلية للشخص االعتباري  
1.   يعاقب املسؤول عن اإلدارة الفعلية للشخص االعتباري املخالف بذات العقوبة املنصوص عليها في املادتين  
(17)  و(18)   من هذا املرسوم  بقانون   إذا ثبت علمه بالجريمة  ولم يتخذ اإلجراءات الالزمة بشأنها،   أو كان 
إخالله الجسيم بالواجبات التي تفرضها عليه تلك اإلدارة قد أسهم في وقوعها.   
2.   يكوناملسؤول عن اإلدارة الفعلية للشخص االعتباري    مسؤوالً   بالتضامن مع الشخص االعتباري عن  
الوفاء  بما يحكم  عليه من غرامات   إذا  كانت الجريمة قد ارتكبت من أحد العاملين  لدى الشخص  االعتباري   
و باسمه أو لصالحه. 
 
 
 
 9 
  مرسوم بقانون اتحادي لسنة 2023  فيشأن مكافحة الغش التجاري   
 املادة (21 ) 
العود 
تضاعف العقوبة املقررة للجرائم   املنصوص عليها في هذا املرسوم بقانون   في حالة العود مع إغالق املحل أو  
املكان الذي وقعت فيه الجريمة مدة ال تزيد على سنة، ويعتبر عائداً   كل من ارتكب جريمة مماثلة خالل  (5  )
.خمس سنوات من تاريخ صدور الحكم النهائي السابق باإلدانة  
 
املادة (22 ) 
الصلح 
للوزارة  أ و السلطة املختصة بحسب األحوال إجراء الصلح عن أي من األفعال التي تقع باملخالفة ألحكام هذا  
املرسوم بقانون   و الئحته التنفيذية و القرارات الصادرة تنفيذاً   لهما  بناءً على طلب املخالف، وذلك مقابل أداء  
مبلغ ال يقل عن مثلي الحد األدنى للغرامة التي يلزم املخالف بها وفقاً  لالئحة الجزاءات اإلدارية  املنصوص عليها  
في املادة  (15  ) من هذا املرسوم بقانون، وت   حدد الالئحة التنفيذية لهذا املرسوم بقانون اإلجراءات والضوابط  
الالزمة للصلح.  
 
املادة (23 ) 
التظلم من القرارات والطعن عليها  
1.   يجوز لكل  ذي مصلحةا لتظلم خطياً  إلى الوزير أو  رئيس السلطة املختصة بحسب األحوال   من أي قرار  
يصدر استناداً   ألحكام هذا املرسوم بقانون   أو الئحته التنفيذية أو القرارات الصادرة تنفيذاً لهما، وذلك   
خالل (15   ) خمسة عشر يوم عمل من تاريخ إخطاره بالقرار أو اإلجراء املتظلم منه، على أن يكون مرفقاً به
كافة الوثائق  واملستندات املؤيدة   له،  ويتم البت    في هذا التظلم خالل (30  ) ثالثين يوم من تاريخ تقديمه،
ويكون القرار الصادر بشأنه نهائياً، ويعتبر عدم الرد خالل املدة املذكورة رفضاً للطلب.  
2. ( يجوز للمتظلم الطعن في قرار رفض التظلم أمام املحكمة املختصة خالل 30   ) ثالثين يوم منتاريخ إخطاره  
بهذا القرار أو فوات امليعاد للبت في التظلم دون إخطاره.  
3. في جميع األحوال،  ال يجوز الطعن أمام املحكمة  املختصة  إال بعد التظلم من القرار وصدور قرار رفض  
التظلم أو فوات امليعاد املنصوص عليه في البند (2 .) من هذه املادة دون إخطار  
 
 10 
  مرسوم بقانون اتحادي لسنة 2023  فيشأن مكافحة الغش التجاري   
 املادة (24 ) 
اإللغاءات  
1.   يلغى القانون االتحادي رقم ( 19  ) لسنة2016    في شأن مكافحة الغش التجاري، كماي   لغى كل حكم يخالف 
أو يتعارض مع  أحكام هذا امل رسوم بقانون.  
2. ( يستمر العمل باللوائح والقرارات الصادرة استناداً ألحكام القانون االتحادي رقم 19  ) لسنة2016    املشار
إليه  فيما ال  يتعارض مع أحكام هذا املرسوم بقانون ،  إلى  حين  صدور ما يحل  محلها  طبقاً ألحكام هذا  
املرسوم بقانون.  
 
املادة (25 ) 
 إصدار الالئحة التنفيذية والقرارات املنظمة  
يصدر مجلس الوزراء الالئحة التنفيذية لهذا امل رسوم بقانون والقرارات الالزمة لتنفيذ أحكامه خالل فترة   (6  )
 ستة أشهر منتاريخ العمل به. 
 
املادة (26 ) 
نشر امل رسوم ب قانون والعمل به  
ي  نشر هذا املرسوم بقانون في الجريدة الرسمية، وي   عمل به بعد (2 )شهرين  من تاريخ نشره.  
 
 
 
 
محمدددددددددددددددددددددددددددددددددددددددد بدددددددددددددددددددددددددددددددددددددددن زايدددددددددددددددددددددددددددددددددددددددد آل نهيدددددددددددددددددددددددددددددددددددددددان  
رئدددددددددددددديس دولددددددددددددددة اإلمددددددددددددددارات العربيددددددددددددددة املتحدددددددددددددددة   
 ________________________________ 
صدر عنا في قصر الرئاسة في أبوظبي : 
بتددددددددداريدددخ:       13    /  ربيع األول   /  144 5 هد 
املوافق:         28   /  سبتمبر    /  202 3 م "
